S02B0000503A2F574F524B53504143452F536F632F50524F4A45542F5450315F536F435F76322F6170705F7364
S3150400000034004100145A40083A6800080000000011
S3150400001000000000000000000000000000000000D6
S3150400002004EDFFDE1500C0DF150240D8150380D8A5
S315040000301504C0D8150500D9150640D9150780D969
S315040000401508C0D97A300B00150900DA150A40DA0A
S31504000050150B80DA150CC0DA150D00DB150E40DB26
S31504000060150F80DB1510C0DB151140D904FFFFEB1B
S315040000701512C0DB3A3109004C0080282603001013
S3150400008026020020C00E004006030000151240DFC1
S3150400009017FFBFE83AA03D00171140D9171240DFF9
S315040000A01700C0DF7A700128170240D8170380D8DA
S315040000B01704C0D8170500D9170640D9170780D9E1
S315040000C01708C0D9170900DA170A40DA170B80DABD
S315040000D0170CC0DA170D00DB170E40DB170F80DB99
S315040000E01710C0DB0413C0DE3A0880EF04FEFFDEFF
S315040000F01501C0DF150000DC3A310D00740001045F
S3150400010004173B844C0080303A0005101E0A001088
S315040001103A880900FA9004203A8805141700C0109A
S31504000120170100113AE83E183A310500260A001074
S315040001303A880D1006F33F004400C0003A880900CF
S315040001403A880B183A88C7183A8849213A70C43055
S315040001501EF03F1006FB3F001701C0DF170000DC4E
S30D040001600402C0DE3A2800F88F
S315040001683480C1061400C0DE74008106145994D67E
S31504000178340081001400BB103400C1001457FB1866
S315040001882603C010150000100401801036FDFF1068
S3150400019800EC094080030A4006FF3F0026020020BF
S315040001A80400CE01060100003A880F003AC004286C
S315040001B83A930810CCFFBF30440DC3002E018018B3
S315040001C83A880D18CCFF83303AB004113AB0C411FA
S315040001D8CCFFBF103A2800F804FDFFDE1502C0DF85
S315040001E8150140DC150000DC7400010104FB2C2118
S315040001F8803500407400010104002D2104084001E3
S315040002080024004004084004840800047400010122
S3150400021804052D2180350040440000013A880B006E
S31504000228440D8301401A0040CCFFBF102D0080887E
S315040002382D00808006F53F0004FBFFDE1501C0DFB4
S31504000248150240D9150380D91504C0D97400810054
S315040002580459B4101700C0103A880B20040280D839
S31504000268170200193A880D10150080D8C02F0240CD
S315040002781701C0DF0405C0DE3A2800F804FCFFDED7
S315040002881501C0DF150280D91503C0D93A880D288F
S31504000298170240210402C0D83A880F181500C0D89E
S315040002A8804300401701C0DF0404C0DE3A2800F882
S315040002B804F6FFDE150740DC3A8823203A88092825
S315040002C81509C0DF1508C0DC3A882728C03600405F
S315040002D8170240897400C1000407ED184400C001E0
S315040002E8440000121505C0D81506C0D90403C0D8A1
S315040002F88400C0013A8809883A880DD81500C0D800
S315040003081503C0DC150200DA1501C0D9150480D816
S31504000318805B0440C4FFFF00260600103A880518CF
S315040003281709C0DF1708C0DC170740DC040AC0DE5B
S315040003383A2800F88402C0003A8805181709C0DF6D
S315040003481708C0DC170740DC040AC0DE3A2800F8A0
S31504000358740081000459B4103A880B201700001160
S31504000368812B0040CC0080203A8811201E160010EC
S315040003781700C020F4BF7F01C4BF7F297420E001A1
S315040003880420E0393A8845193A70C4113A30C6004F
S315040003983A7086181E0C00183A880D283A880B38C5
S315040003A804010021170080203A8887113A704619FB
S315040003B83A3084003A70C41026F93F1007008020AA
S315040003C82603001044000021070080201EFD3F106C
S315040003D83AC805223A2800F81702803004FEFFDEE0
S315040003E8150000DC1501C0DF3A8821303A88070079
S315040003F81E0600103A880518150100301701C0DFDB
S31504000408170000DC0402C0DE3A2800F8805B0440CA
S315040004183A8807103A8805181501008015020080E5
S315040004281701C0DF170000DC0402C0DE3A2800F812
S3150400043804A4FEDE155881DD155201DC1551C1D917
S31504000448155BC1DF155A01DF1559C1DD155741DDA5
S31504000458155601DD1555C1DC155481DC155341DCEF
S315040004683A882D283A882130154F01D9C0BD044051
S31504000478170080101751C1D9154981D8174F81D84B
S3150400048826020010170E8010260D02100B0380B0EA
S315040004980C028010260E0210170480B0260C0210D7
S315040004A80B0300B2840280008C06C0401E2F8018FD
S315040004B88F0380B0162D00108B0340B2170780B245
S315040004C81709C0B2174F01D9042940DC044080D863
S315040004D80400C1004CFF3F423A880D803A880B88D5
S315040004E80D2C00DA8D2C40DA153080DA1532C0DA94
S315040004F8152D80D8152EC0D8152980D8152BC0D807
S31504000508152F00D880430040154B81D816040010D7
S31504000518174F01D93A880B8840C503401E3202108A
S315040005280B2C80D80C108010260300100B0380B007
S31504000538141080100D0380B0174B81D8175BC1DFE8
S31504000548175A01DF1759C1DD175881DD175741DDE1
S31504000558175601DD1755C1DC175481DC175341DCE6
S31504000568175201DC045CC1DE3A2800F83A88050013
S315040005783A880700041940DD154281D83A882F8045
S315040005881543C1D8154B01D8154801D8154401D8C7
S31504000598154701D8150C40DD150E00D8150D00D8E1
S315040005A8070080B8261900104409C0002617C01091
S315040005B83A8821B8060100002603C01044000084C6
S315040005C8070080801EFC3F103AC8E785260E00986F
S315040005D8170E80DC170D40DCC40180003A88E594C8
S315040005E84400408C1500C0AD150E80DC1501C0AC66
S315040005F8150D40DC168B4214040240AD174B01D985
S315040006083A88C924154B01D93A882F80070080B83F
S31504000618263C01104400C0BD050400D80700C0B834
S31504000628C4FFFF04154C01D8154A01D8154DC1D885
S315040006384400C0BD174D41D90416800004F8FF28AC
S315040006483660C0103A88C5183A8885103400C10047
S31504000658049AC1183A88C510170000113A68002090
S31504000668DC150004CC070004CC070004C8150004F4
S31504000678CC070004CC070004CC070004CC0700040C
S31504000688CC070004CC070004A8130004B81500041A
S31504000698CC070004C013000460160004CC07000449
S315040006A84C1600040816000408160004081600046C
S315040006B808160004081600040816000408160004A0
S315040006C80816000408160004CC070004CC07000426
S315040006D8CC070004CC070004CC070004CC070004AC
S315040006E8CC070004CC070004CC070004CC0700049C
S315040006F8240E000490140004CC070004901400048B
S31504000708CC070004CC070004CC070004CC0700047B
S31504000718F4150004CC070004CC070004D80E000422
S31504000728CC070004CC070004CC070004CC0700045B
S31504000738CC070004240F0004CC070004CC070004EB
S3150400074844150004CC070004CC070004CC070004B5
S31504000758CC070004CC070004CC070004CC0700042B
S31504000768CC070004CC070004CC07000418150004C1
S31504000778300E00049014000490140004901400042D
S315040007887C140004300E0004CC070004CC070004D3
S3150400079804140004CC070004D4130004E40E000473
S315040007A83414000420140004CC070004C8160004FA
S315040007B8CC070004300F0004CC070004CC0700045F
S315040007C8A8150004174D01D926CE0020440040017F
S315040007D8040F80D91540C1D9154541D9154181D988
S315040007E83A880F28050F00D9050400D8154601D8FC
S315040007F8174CC1D88C0080183A000510155081D8BA
S315040008081E030010174501D984000021154501D996
S31504000818174C41D90C214029154E41D91E2D0028C3
S31504000828174A81D9174581D83AC8A1300E29000438
S31504000838040480000E5E0414170E80DC170D40DCD9
S315040008483A8827107400010784232DE7C40100059C
S315040008580603000004FC3F84040240AD0E13009C0A
S31504000868040480944400408C150000AF1501C0AC04
S31504000878150E80DC150D40DC0EF67FA4174F01D942
S315040008883A880BB0040C80D91551C1D9003E0040F2
S315040008981751C1D91E9E001004FC3F84170E80DC34
S315040008A8170D40DC041940DD16ED3F9C3A88259463
S315040008B84400408CC4018000150000AF150100AC4B
S315040008C8150E80DC150D40DC16F54114040240AD06
S315040008D806020000170E80DC170D40DC070480D8DA
S315040008E8260B001044008000440080944400408C89
S315040008F8150180A80404C0D8C40180001500C0A846
S31504000908150E80DC150D40DC16DA4114040240ADE0
S31504000918175001D91E0B0020440480D88400809403
S315040009284400408C150080A88400C000C4018000DF
S315040009381501C0A8150E80DC150D40DC16C241143D
S31504000948040240AD174E41D90420800026B1802800
S315040009581746C1D83AC8E1190E26000404048000D3
S315040009680ECF03143A88271074000107841F2DE755
S31504000978C40100050603000004FC3F84040240ADDC
S315040009880E13009C040480944400408C150000AFA8
S315040009981501C0AC150E80DC150D40DC0EF67FA4DF
S315040009A8174F01D93A880BB0040C80D91551C1D90F
S315040009B8003E00401751C1D91E55001004FC3F845F
S315040009C8170E80DC170D40DC041940DD16ED3F9C3C
S315040009D83A8825944400408CC4018000150000AF71
S315040009E8150100AC150E80DC150D40DC1682411489
S315040009F8040240AD174C01D90C4080201E4A001051
S31504000A08174141D93A88E5914400408CC4018000D5
S31504000A18150040A91501C0A9150E80DC150D40DC8A
S31504000A28166741140402C0A8174C81D90C018030FA
S31504000A3826280010174A81D8174501D93AC8211122
S31504000A480E240004040480000E550414170D40DC1B
S31504000A583A8827107400010784232DE7C40100058A
S31504000A680603000004FC3F840402C0180E11009C0F
S31504000A78040480944400408C1500001F1501C01C12
S31504000A88150E80DC150D40DC0EF67FA4174F01D930
S31504000A983A880BB0040C80D9003E00401E1C001096
S31504000AA804FC3F84170E80DC170D40DC0419C0D8FB
S31504000AB816EF3F9C3A8825944400408CC401800074
S31504000AC81500001F1501001C150E80DC150D40DCF1
S31504000AD816CB4014174A81D8174541D90E0140113F
S31504000AE83A880528174B81D93A888D30154B81D910
S31504000AF81E3B01901740C1D9041940DD150D00D8D5
S31504000B0806A73E00170E80D81E450510150D00D8F9
S31504000B180B0380B00C10801026873E10C4FFBF005C
S31504000B28154B81D806843E00174D81D94419800097
S31504000B38166E8011174741D94400C0000E4943195F
S31504000B48174181D8440080944400408C150080A83D
S31504000B58C40180001501C0A8150E80DC150D40DC03
S31504000B6816CA41140402C0A8174901D944008000D2
S31504000B78440080944400408C15018018C401800008
S31504000B8815000019150E80DC150D40DC16B6411447
S31504000B980402C01C174201D9174341D93A880D00EB
S31504000BA83A880F00C0EE084026740110174741D949
S31504000BB8174181D94400408C3A88852CC4FFBF1458
S31504000BC8C4FFBF284400C03015018098C4018000C2
S31504000BD81500C098150E80DC150D40DC168E4114E0
S31504000BE80402C09C174841D9040880D84400408CA4
S31504000BF83A88659115008098C401800015014099CA
S31504000C08150E80DC150D40DC16ED40140402C09860
S31504000C1806853F00174A81D9174581D83AC8A130B5
S31504000C280E4B3F04040480000E3A04143A88271035
S31504000C3874000107841F2DE7C4010005060300009C
S31504000C4804FC3F84040240AD0E13009C0404809403
S31504000C584400408C150000AF1501C0AC150E80DCAD
S31504000C68150D40DC0EF67FA4174F01D93A880BB050
S31504000C78040C80D91551C1D9003E00401751C1D979
S31504000C881EA33F1004FC3F84170E80DC170D40DCBE
S31504000C98041940DD16ED3F9C3A8825944400408C9F
S31504000CA8C4018000150000AF150100AC150E80DCE8
S31504000CB8150D40DC16614114040240AD06243F00BC
S31504000CC8174F01D9C0EE03401751C1D906EF3D00AD
S31504000CD8174F01D93A880BB01551C1D900320240D1
S31504000CE81751C1D926EE3D10068C3F00174201D98B
S31504000CF8174341D93A880D003A880F0040E6084060
S31504000D081EF2001074008100041FAD104400809484
S31504000D184400408C150080A84400C000C40180002B
S31504000D281501C0A8150E80DC150D40DC1600431409
S31504000D380402C0A8170580D8174701D90E5C01110B
S31504000D48170D40DC174981D944008000440080947B
S31504000D584400408C15018018C401800015008019D0
S31504000D68150E80DC150D40DC161643140402C01853
S31504000D78174781D8C4FF3F140E2B3F040404800090
S31504000D880EA80214170D40DC3A88271074000107D0
S31504000D98841F2DE7C4010005060300000402C018D9
S31504000DA804FC3F840EA2029C040480944400408CF4
S31504000DB81500001F1501C01C150E80DC150D40DC3E
S31504000DC80EF67FA4174F01D93A880BB0040C80D9C4
S31504000DD8003E00401E4E3F10170E80DC170D40DC07
S31504000DE80419C0D806EE3F000B2C80D8C4FFFF00B8
S31504000DF8154BC1D80C1080101ECC3D1006CE3D00F4
S31504000E08174F01D93A880BB0040C80D9003E00402C
S31504000E181E3F3F10170E80DC062E3F00174C41D9A3
S31504000E2814044029154C41D9174C81D90C08803033
S31504000E381E4F0110174CC1D80C0480181EF002105E
S31504000E48174C01D90C10802026ED02100F008038AB
S31504000E580401C0391540C1D9FAD723103A8821109C
S31504000E68167803884400000116040098174CC1D864
S31504000E78C4DFBF003A708618154CC1D83AB044840A
S31504000E881E2C02101E2B0298CC3F802026A102108D
S31504000E980419C0D8040F00DD1541C1D81741C1D8BB
S31504000EA81545C1DC3AC8C5A0040AC0110E01C0998B
S31504000EB81545C1D91546C1DC070480D8264C3E1011
S31504000EC8174581D844008010154581D806483E0048
S31504000ED8174C81D914048031154C81D9174CC1D8C3
S31504000EE80C0880181E270110174C41D90C048028B9
S31504000EF81EBC0210174C81D90C10803026B902107A
S31504000F080B00003C3A8809000401C0393A882300DA
S31504000F181540C1D9050400D806D33F00174C01D99A
S31504000F2814040021154C01D9174C41D90C08802802
S31504000F381E080110174CC1D80C0480181EB60210DE
S31504000F48174C01D90C10802026B302100B00003C64
S31504000F58440000010401C0393A8823001540C1D968
S31504000F68050400D806C03F00174F01D93A880BB0CC
S31504000F78040C80D9003E00401EE53E10170E80DCA6
S31504000F880419C0D8174C81D94C0080303A00051092
S31504000F981EA53E1044008000170D40DC150180187C
S31504000FA8174981D8440080944400408C1500801861
S31504000FB8C4018000150E80DC150D40DC0E24421495
S31504000FC8174F01D93A880BB0040C80D9003E00406B
S31504000FD81ECF3E10170E80DC0419C0D806923E00B8
S31504000FE8174F01D93A880BB0040C80D9003E00404B
S31504000FF826C03E1006C63E00174F01D93A880BB0E4
S31504001008040C80D91551C1D9003E00401751C1D9E5
S315040010181EBF3E10170E80DC170D40DC041940DD98
S3150400102806743E00174F01D93A880BB0040C80D9D0
S315040010381551C1D9003E00401751C1D91EB43E10FE
S31504001048041940DD066D3D00174F01D93A880BB0E7
S31504001058040C80D91551C1D9003E00401751C1D995
S315040010681EAB3E10170E80DC170D40DC041940DD5C
S3150400107806343E00174F01D93A880BB0040C80D9C0
S315040010881551C1D9003E00401751C1D91EA03E10C2
S31504001098170E80DC170D40DC041940DD061C3E00E3
S315040010A8174F01D93A880BB0040C80D91551C1D908
S315040010B8003E00401751C1D91E953E10170E80DC1C
S315040010C8170D40DC041940DD06043E00170500D957
S315040010D80E580201174781D9167A8021174181D8FB
S315040010E83A88A5914400408C150080A8C401800064
S315040010F8150180A9150E80DC150D40DC16FC42147A
S315040011080402C0A8174741D93AC861210E9D3F0475
S31504001118040480000E190214170D40DC3A882710BF
S3150400112874000107841F2DE7C401000506030000A7
S315040011380402C01804FC3F840E13029C0404809421
S315040011484400408C1500001F1501C01C150E80DCD8
S31504001158150D40DC0EF67FA4174F01D93A880BB05B
S31504001168040C80D9003E00401E693E10170E80DC30
S31504001178170D40DC0419C0D806EE3F00174781D87E
S31504001188C4FF3F140E973E04040480000E1800148E
S315040011983A88291074000107841F2DE7C401400505
S315040011A8060300000402C09C04FC3F840E1200A43B
S315040011B8040480944400408C1500009F1501009D8A
S315040011C8150E80DC150D40DC0EF67FAC174F01D9E1
S315040011D83A880BB0040C80D9003E00401E4C3E10E1
S315040011E8170E80DC170D40DC0419C0DC06EE3F0040
S315040011F874000107841F2DE73A8825944400408C1F
S31504001208C40180001500009F1501009C150E80DCA2
S31504001218150D40DC0E727E14174F01D93A880BB0AF
S31504001228040C80D9003E00401E393E10170E80DC9F
S31504001238170D40DC0419C0DC066A3E00174F01D9B5
S315040012483A880BB0040C80D91551C1D9003E004028
S315040012581751C1D91E2E3E10170E80DC170D40DC1F
S31504001268041940DD06BA3D00174F01D93A880BB078
S31504001278040C80D9003E00401E253E10170E80DC63
S31504001288170D40DC0419C0DC06423E00174F01D98D
S315040012983A880BB0040C80D9003E00401E1C3E1050
S315040012A8170E80DC170D40DC0419C0D8062E3E0044
S315040012B8174C41D94C0080283A0005101EDA3D1017
S315040012C8069F3E001741C1D83A8825914400408CB0
S315040012D8C40180001500C0A8150100A9150E80DCFC
S315040012E8150D40DC166C42140402C0A8174941D9EE
S315040012F844008000440080944400408C1501801802
S31504001308C401800015004019150E80DC150D40DC5B
S315040013183A8821201656421404024019174781D9DF
S315040013284400408C150D40DC3AC80731174101D9F1
S315040013383A88E5901501C0283A8805811500802861
S31504001348C4018000150E80DC161D7F140402C02813
S3150400135806B53D001700003C1701403C04028039DD
S3150400136844000001154081D9050400D806BE3E0094
S315040013781700003C1701403C04028038154081D808
S3150400138806B73E001700003C1701403C040200392A
S31504001398154001D93A880900050400D806B23E006A
S315040013A81700C0380401C039154AC1D80ED7001829
S315040013B83AC8C700154AC1D8174C01D90700C0B89E
S315040013C814010021154C01D906983C00174C81D903
S315040013D80C08803026F60110174B01D917008038FF
S315040013E80401C0391540C1D9FAD707201740C1D915
S315040013F8150000111501C01006693C000700C0B8A5
S31504001408041B800026558218174C41D91404402918
S31504001418154C41D906853C00174C81D90700C0B83C
S3150400142814088031154C81D906803C00174C81D8A4
S315040014381700003C041EC00094008010154C81D887
S315040014480401C0397400410104086D29040C8000A4
S315040014583A882300840000011540C1D9154DC1D826
S31504001468154441D9450480D88504C0D8050400D854
S31504001478067D3E00174C81D80700C0B814108010AA
S31504001488154C81D806693C00174C41D90C028028B2
S3150400149826E501101700803904028038154081D8E2
S315040014A8154281D91701C0391543C1D9174201D943
S315040014B8174341D980EE0640261D0210174201D96A
S315040014C8174341D93A880D003A880F004008094065
S315040014D816D00210174D41D9C411800016104211B6
S315040014E874008101040DAD31154181D9174C01D918
S315040014F8C400C000C4DFBF003A7088203A880F18B9
S315040015081545C1D8154C01D9154601D8066A3E00B9
S31504001518170080384400C0000401C0391540C1D9F9
S31504001528040F00D93A880F181545C1D8154101D9B1
S31504001538050F80D8050400D806AC3C0074004101A8
S3150400154804136D29154441D9174C81D90C088030E8
S3150400155826FF00101700003C1701403C040280389F
S31504001568154081D8174C41D94C0080283A000510FB
S315040015781EB900103AB0448426B70010174D81D915
S3150400158894004029040C800084000001154C41D9BC
S31504001598450480D8850480D9050400D806323E005F
S315040015A8740081010408AD31154481D906E63F006B
S315040015B8C40A8000050480D80700C0B8061B3C008E
S315040015C8174C81D80700C0B854008010154C81D830
S315040015D806163C00070480D81E4C00100408800038
S315040015E8050480D80700C0B806103C00174C81D9FA
S315040015F80700C0B814028031154C81D9060B3C008B
S315040016083A88090044020004840240011551C1D9EC
S31504001618C05B0940070000B9174DC1D84400C0BDD6
S31504001628154D01D9174D41D93A88851804F43F1147
S3150400163804F4BF281751C1D92EF3BF80154A01D91E
S3150400164806FC3B00174C81D80700C0B8142080104C
S31504001658154C81D806F53B000700C0B8840A8000FB
S315040016684400C0BD26188318154DC1D804F4BF1804
S315040016784402C000367B82183A8821183A88090041
S31504001688840240011551C1D9C05B0940174D41D99F
S31504001698070080B91751C1D93A88451104F43F1196
S315040016A804F4BF30154D81D94400C0BD2EF4BF8063
S315040016B83A8827200EDF3B20C4FFFF0406DD3B00E3
S315040016C8050400D8170080390401C0391540C1D96A
S315040016D8154181D926C90130160E0098174101D93A
S315040016E83A880B003A880D98C056054026590210C8
S315040016F81741C1D83AC8CF10169EC1991545C1D904
S3150400170816090038154601D806EB3D000700C0B88F
S3150400171806C63B00174101D9C0360040154581D895
S315040017283A880F100EF73F10154501D8154601D80B
S3150400173806E13D00CC3FC02044008000262D8018D9
S31504001748360E80188400800026FA80187400010179
S3150400175804182D21C03600403A880F101545C1DCFF
S315040017680E018098154581D8740081000418AD10BF
S315040017781546C1DC154181D806CF3D00041940D968
S31504001788040F00DD154141D97A970A88174181D992
S31504001798FAD00480FAD00688CC0100813AB08428AD
S315040017A8C4FFBF31040C0021154181D93AB0CA10CF
S315040017B8050000313A8821103A8823181EF23F287A
S315040017C8174CC1D84C0080183A0005101EB33D10BA
S315040017D8CC3F80201C20801004E0BF10040CC000FD
S315040017E826AEFD10C4FFBF31154181D90500C030AE
S315040017F806AA3D00680080881E2C00101E02008878
S315040018084402800036290014C41800D9040F00DDE8
S31504001818154101D9174101D9040C8080050080209F
S31504001828069E3D00170D40DC74000107841F2DE752
S315040018383A8825944400408CC40180001500001F92
S315040018481501001C150E80DC150D40DC16DC7D1414
S315040018580402C01806743C0084000001050400D87C
S3150400186806813D00174C81D93A70C4303A000510F8
S3150400187826B33C10174101D9440080944400408C97
S31504001888C4018000150000A91501C0A8150E80DC46
S31504001898150D40DC16607E140402C0AC06D13C006B
S315040018A874000107841F2DE706493C00040F00DD78
S315040018B8041980DC3A8809803A880B8884028001F6
S315040018C83A880F0040CE0740040C0012C4FFBF94A8
S315040018D83A8809803A880B88840280013A880F007E
S315040018E805000092806707403A8809103A88211053
S315040018F8680080183A8823181EEE3F101E02001846
S315040019084402800036EB3F11C4FFBF94154181DCC5
S3150400191806C03F00174C01D94C0080201E9A0010BF
S31504001928041940D9040F00DD154141D9065B3D0071
S31504001938174F01D93A880BB0040C80D9003E0040F1
S315040019481E733C10170E80DC0419C0D806F93C0037
S31504001958174CC1D80C0480181E710010174C01D9F5
S315040019680C108020266E00100B00003C3A882300D9
S315040019780401C0391540C1D906FA3E00170D40DCEA
S3150400198874000107841F2DE73A8825944400408C87
S31504001998C40180001500001F1501001C150E80DC0B
S315040019A8150D40DC16707D140402C01806753D003A
S315040019B8170E80DC170D40DC7400010784232DE71D
S315040019C806BA3B00174F01D93A880BB0040C80D9E4
S315040019D8003E00401E4E3C10170E80DC0419C0D889
S315040019E806E33C001700003C3A8809000401C039A4
S315040019F83A8823001540C1D9050400D8061A3D00C3
S31504001A08170080380401C0391540C1D9FAD7231004
S31504001A183A88211006123D001700003C44000001D4
S31504001A280401C0393A8823001540C1D9050400D8F1
S31504001A38060D3D0074008100041FAD104400809417
S31504001A484400408C150080A84400C000C4018000EE
S31504001A581501C0A8150E80DC150D40DC16CA401405
S31504001A680402C0A81E060020174741D91E040028F0
S31504001A78174C81D94C0080303A0005101EEA3B10F9
S31504001A8844008000170D40DC15018018174981D8D9
S31504001A98440080944400408C15008018C4018000DA
S31504001AA8150E80DC150D40DC16CA40140402C01855
S31504001AB83AC821010E500004040480000E80001464
S31504001AC83A88271074000107841F2DE7C40100050E
S31504001AD8060300000402C01804FC3F840E7A009C26
S31504001AE8040480944400408C1500001F1501C01C92
S31504001AF8150E80DC150D40DC0EF67FA4174F01D9B0
S31504001B083A880BB0040C80D9003E00401E003C10F5
S31504001B18170E80DC170D40DC0419C0D806EE3F000A
S31504001B281700003C3A8823000401C0391540C1D97E
S31504001B38068C3E00041940D9040F00DD154141D92D
S31504001B48174481D93A970A883AD10480CC0300818C
S31504001B583A8809313AB0842803004021174101D94B
S31504001B683AD106883A882110C4FF3F21154101D984
S31504001B78174181D93AB0C8103A882318050040316C
S31504001B881EEF3F2006C53C00040C8000C41880D90B
S31504001B98040F00DDC51880D8154181D906BF3C005D
S31504001BA8170D40DC7400010784232DE706C13B00AA
S31504001BB8174C41D90C048028267C0010170080385D
S31504001BC80401C0391540C1D9174B81D91740C1D969
S31504001BD81500801106723A00174F01D93A880BB0DE
S31504001BE8040C80D9003E00401EC93B10170E80DC49
S31504001BF8170D40DC0419C0D8174701D9174141D934
S31504001C084400408C3A882591C40180001500401987
S31504001C1815010019150E80DC150D40DC16E87C1438
S31504001C280402C01806803B001700C03804020039B5
S31504001C38154001D91542C1D81701C0391543C1D970
S31504001C48061A3E003A8805003AC809143A8005116E
S31504001C583AC84B043AC885283A8821203A8823107A
S31504001C6844000001440B8000050480D8067E3C002D
S31504001C78174F01D93A880BB0040C80D9003E0040AE
S31504001C881EA33B10170E80DC170D40DC170500D980
S31504001C98041940D906A13D00174F01D93A880BB05B
S31504001CA8040C80D9003E00401E993B10170E80DCB8
S31504001CB8170D40DC170500D90419C0D8068B3D005A
S31504001CC874000107841F2DE73A8825944400408C44
S31504001CD8C40180001500001F1501001C150E80DCC8
S31504001CE8150D40DC16BC7F140402C01806C23F005A
S31504001CF8174F01D93A880BB0040C80D9003E00402E
S31504001D081E833B10170E80DC170500D90419C0D8AA
S31504001D1806FC3C0074000107841F2DE706DE3B0021
S31504001D2874008100040EAD10154181D806EF3D00FC
S31504001D38174201D9174341D980F2064026390010C3
S31504001D48174D41D9C411800016CE40117400810183
S31504001D58040FAD31154181D906E43D00174C01D96C
S31504001D684400C0BD0700C0B814080021154C01D9A9
S31504001D78062E3A001545C1DC161001983A880F98C4
S31504001D88154601D8064C3C00174F01D93A880BB0C2
S31504001D98040C80D9003E00401E5D3B10170E80DC03
S31504001DA8170500D90419C0D8062E3F00174CC1D808
S31504001DB80C10801826A00010170080380401C039BA
S31504001DC81540C1D9174B01D91740C1D90D000011C7
S31504001DD806F33900174F01D93A880BB0040C80D999
S31504001DE8003E00401E4A3B10170E80DC170D40DCEF
S31504001DF8170500D90419C0D8062D3F0084018000B0
S31504001E08369AC0141545C1DC0E010098154501D84B
S31504001E18740081000411AD103A880F98154181D8D1
S31504001E2806723A00C4FFBF0026E28098174D41D9CE
S31504001E38C419800026DC8028C411800026DA80288C
S31504001E48174C41D9174301D9174281D9144040295F
S31504001E58154C41D916CC00203A8821303A882320DB
S31504001E683A883900174D41D98419800026B7802845
S31504001E788411800026B580284419800026C8802845
S31504001E884411800026C680283A882998174F01D914
S31504001E98040580D83A880D88150180D80406C0D868
S31504001EA8040780D83A880B808400C0011502C0D87C
S31504001EB8150380D8150000DD006A0240174D81D944
S31504001EC8154181D8C419800026958030174DC1D88C
S31504001ED8C411800026928018174141D9174D81D91B
S31504001EE8841980003A88252D26868030841180003E
S31504001EF8268480303A880D003A880F003A880B8881
S31504001F083A88098040E608401E7500103A8805900C
S31504001F18150780DC174101D9174D41D9C419C000EA
S31504001F283AC825112668C028C41180002666802868
S31504001F38170500D9174DC1D8441980001655C01085
S31504001F48C4FF3F21150500D90508C0D83A882120C1
S31504001F5816C10020C40A8000450880D844028000BF
S31504001F680EAF00143A882710840B40DC3A8809809F
S31504001F7884024001C0540940040C8010C4FF7F8CBD
S31504001F883A8809808402400105008088C04E0940C9
S31504001F983A88211016F5BF98040CC010C40980D8D5
S31504001FA8C4018010C4FF7F89C5FFFF882EA7802837
S31504001FB83A880910040880D98408C0D80300802800
S31504001FC844004029050080184400C01836FB3F2900
S31504001FD83AC88719440080001548C1D83A88CF9072
S31504001FE80E9680144400C0391545C1D916340038F4
S31504001FF8CC3F80E01C20801004E0BF10264E001061
S31504002008440B8000154781DC154601D8050480D8A1
S3150400201806AB3B00440B8000050480D8062D3D0022
S31504002028174F01D93A880BB0040C80D9003E0040FA
S315040020381EB73A1006B53A00170080380401C039AD
S315040020481540C1D9174B41D91740C1D915004011BC
S31504002058065339003A880F981545C1DC154601D848
S3150400206806953B003A882700067239007400C100B9
S315040020780411ED183A880F10154581D81541C1D8B1
S3150400208806DA3900740081000410AD10154181D8B0
S3150400209806163D00174D41D9841980002649802823
S315040020A83A880F2016578024174C41D94C008028AB
S315040020B8260100104400C0211545C1D90ECC3F386D
S315040020C8154501D806CA3F00170500D904FFBF0005
S315040020D80E48001116470099154DC1D806F03F0061
S315040020E8170780D82E8BBF143A880790040C000172
S315040020F80500001144008010150780D81EFCBF187F
S3150400210806843F00174181D80700C010040C8000DC
S31504002118265B8018170500D93A88259106753F006D
S31504002128174C01D94C0080203A000510266A3F1046
S31504002138170780D806773F001545C1D9164D0038CC
S31504002148154781DC154601D8065B3B00174F01D9B4
S31504002158040580D8150180D80406C0D8040780D899
S315040021683A880B803A880D88C400C0011502C0D885
S31504002178150380D81500C0DC3A882998006A0240FD
S31504002188154181D806513F001742C1D8174301D9D2
S31504002198440B00073A8821183C00602406313F00A6
S315040021A84400009D06393F001E253F984400C0049C
S315040021B806233F008401C00406213F00154501D8C3
S315040021C806EE3E003A880F200E3700011E030098DB
S315040021D8174C81D94C00803026B73F104400802024
S315040021E83A88A7981545C1DC3A880F980E803F9817
S315040021F806B33F00174D81D984FFBF31154D81D9E8
S31504002208064C3F000E180001440080003A888514E5
S31504002218154581D83A880F100E753F1006A83F0059
S31504002228040CC080040C8000C508C0D8040880D9F2
S315040022380409C0D8850880D806653F00174C01D91B
S315040022483A708420269C3F1006663F00040880D90D
S315040022588408C0D8065E3F00440B80003AC82101B2
S31504002268450880D8063D3F00840080003AC8051119
S3150400227806E63F00154501D8154781DC06B13F003F
S315040022883A880D003A880F003A8809803A880B88FC
S31504002298C0EE0840269F3F10440080003AC809153E
S315040022A8150500D9069B3F001E0D0098174CC1D88A
S315040022B84C0080181E0A0010440000013A880F20BA
S315040022C8154501D9064A3F001700C03C0401C03928
S315040022D80E0E3D980700C0B8C4FFFF0406D33800A5
S315040022E88400C09C1545C1DC3A880F980E403F9877
S315040022F806733F00740081000459B4103A88132009
S31504002308170000113A8805283A880F303A880B488E
S315040023183A880D1081430040740081000459B410B2
S315040023281700C01004FDFFDE150140DC150000DCB3
S315040023381502C0DF3A8823203A8821282602001885
S31504002348170E8018261F00100B0300810C0280202C
S315040023582628001017044081261D00284C008020DA
S315040023683A000510260B00108C0080202612001057
S315040023783A88050015028080260B00283A8805004D
S315040023881702C0DF170140DC170000DC0403C0DEB7
S315040023983A2800F817058080150200803AC8850097
S315040023A8150680801EF53F280C20802026F33F1052
S315040023B8C4FFBF0006F23F0017058080150280801F
S315040023C806ED3F003A880918C0EE034006DE3F00D2
S315040023D80CA0C0200480800026E0BF183A8809882B
S315040023E83A880B8080C904400B0300811704408196
S315040023F806DA3F000C04802026ED3F100C018020ED
S3150400240826120010170C4081260500280410808027
S31504002418260280283A880988402A0440150C008038
S315040024280B0380801704408115010080CCF6BF1089
S315040024380D038080150040810B03808014028010F0
S31504002448CCFF3F110D03808006C33F00170440816B
S3150400245806F93F001704C0281704802004F1FFDE9C
S31504002468150EC0DF150D00DF150CC0DD150B80DD5C
S31504002478150A40DD150900DD1508C0DC150780DCE2
S31504002488150640DC150500DC150300D9150440D9EA
S31504002498167FC010C4FF3F1D1704C0D8170300D900
S315040024A83A8805A53A8885100405C01C0405C02584
S315040024B83A88AD983A88C715170040B1170000192D
S315040024C81500C0D844004029150200D9C05A09404D
S315040024D83A8839101E3D0010170440D9170300D94D
S315040024E8409C0540162C0010440000E73A880FB8B3
S315040024F83A8811003A880900170040991700C0382D
S315040025080401C09CCCFFBF283A888520CCFFBF11A4
S31504002518CCFF3F193AD404103AD40A283AC8892178
S315040025283A8809223AD406183A888B283AD40D20D0
S31504002538CCFFBF283AC887183A8887190D0000398E
S315040025488D00C0383AD408280401C0393AD4111881
S315040025582EE9FFB43A8805A53A8885103A8885B8DD
S315040025681700C0101E0C001804FF3F112E0800B9EE
S3150400257817FFBF1026030010060500001700802069
S315040025881E03001004FF3F21C4FF3FA536FB3FB9D5
S31504002598170300D9150400253A8805E0170EC0DF8D
S315040025A8170D00DF170CC0DD170B80DD170A40DD99
S315040025B8170900DD1708C0DC170780DC170640DC9E
S315040025C8170500DC040FC0DE3A2800F83A8823B859
S315040025D83A882598150100D83A882B0017000094E4
S315040025E83A8809E004018094CCFF7F81C05B0940E6
S315040025F83AD40A803A8809E03A88A1A8C05B094017
S3150400260817000089CCFFFF803AD42080CCFF7F21B5
S315040026183AC8CB281701C0D83AD408203A880514F2
S315040026283A88CB283AD40D28CCFFFF103AC8C920DB
S315040026383A8889218D0000893AD409200D004089F9
S315040026483AD42A100401408C150100D92EE3BFB4EC
S31504002658170200D91EA03F20170080D804FFFF10D8
S315040026682E08C0B817FFBF10260300100605000081
S31504002678170080181E03001004FFFF18C4FF3FA5A7
S3150400268836FBFFB81703C0D81504001D06923F0091
S315040026983A88050006C13F001710002204DAFFDE57
S315040026A8152140DD152000DD151E80DC151D40DCD6
S315040026B81525C0DF152400DF1523C0DD152280DDAE
S315040026C8151FC0DC151C00DC151600D93A88233002
S315040026D83A8829281517C0D9172880DC3A882B3058
S315040026E8260A0040171180203A880B4015018040BD
S315040026F81711C020440080003A98C410150280407F
S31504002708808605401716C0D81510001816A3008829
S31504002718150000902CFCDFA834FC9F002691801835
S315040027283A880D003A880F003A8809A03A880BA817
S31504002738151200DD151340DDC0EE08401E17001003
S31504002748172780D94400800015008030172980D8BF
S31504002758269B0210172900D974008100441FAD1066
S31504002768C4FFFF10150080203A8805181725C0DF16
S31504002778172400DF1723C0DD172280DD172140DD6B
S31504002788172000DD171FC0DC171E80DC171D40DC70
S31504002798171C00DC0426C0DE3A2800F8171600D9F0
S315040027A8171240D9040180D83A880DA80402C0D962
S315040027B8150080D840EA0540150780D83AD504A8FC
S315040027C8CCFF0111268600201712C0D834048000D5
S315040027D8C4FFBF101701C0DD3A7084A83A881118DF
S315040027E834FC4F124400BF25150800D83A88050062
S315040027F834FECF003A880B483A8809403A880F18BD
S315040028083A880D1040750840F4DB180244D8104283
S31504002818F4F44F02C4E9614A3A880F483A880D40ED
S315040028283A880B183A8809108084084074D822021A
S31504002838C42C3242F4F14F02048A624A3A880F4899
S315040028483A880D403A880B183A880910407D0840A2
S315040028583A8809B03A8821103A882318C0100940E2
S31504002868F4271402C47E1E42F4F44F02C404514AE7
S315040028783A880F483A880D403A880B183A8809105E
S31504002888808408403A880F183A880B883A880D10CD
S315040028983A880980407D08403A8809103A880B1816
S315040028A83A8821103A882318402009403A880D00AE
S315040028B83A880F003A8809803A880B88150D80D81B
S315040028C84008094016170310170DC0D88405800060
S315040028D82E48C11044000001150C00D93AC885BD1C
S315040028E8C4FFBF11160B0330150A80D9151100D879
S315040028F8170DC0D816FF0218170A00D91509C0D82B
S31504002908151000D83A88C920150A00D9171700D90E
S315040029184402800036460011440180001604021160
S31504002928440040041717C0D84401800036EDC1108E
S315040029383A88C5183A8885103400C1000455CA185F
S315040029483A88C510170000113A680020402A000486
S31504002958402A000440340004183400045C3400049B
S3150400296868340004172700D9C4C3890015008020D9
S31504002978261000A07400C100042BED18172980D96D
S3150400298826793F30C7008018C40000191E100010AD
S31504002998172980D81500001106733F003400A000DB
S315040029A8C4FFBF104400C0003A70AA881500C0903E
S315040029B806583F0034048000C4FFBF103A7084A848
S315040029C81EEC3F107400C1000428ED1806EB3F0006
S315040029D8172980D8040200191500001106623F0061
S315040029E81701C0DD170280D804080001840CC1B899
S315040029F83A88A3180EB841240410C0003AC8471CE4
S31504002A0804F8BF883A98C6A83AD884A03AB0881871
S31504002A18C02D09403A8811103484BF0044000001CF
S31504002A283A88D31044F3BE8D150800D9066F3F00C3
S31504002A38151700D844004004C4FFBF004400C00072
S31504002A48150E80D8152600D8150F80D8150BC0D8B2
S31504002A583A882110171680D815110010171680D831
S31504002A68171140113A88091080DE05401716C0D898
S31504002A78150580D81510801884038000366800145C
S31504002A883A0005881E660010170D00D90E3002019B
S31504002A98CC038020FA9004103AD125207400C10092
S31504002AA8043DED183A88C5100C04C09017000014AC
S31504002AB8170140141E6A0318840080052610009026
S31504002AC87400C104046FED9C4C0080903A00051014
S31504002AD81E080010170080991701C0993A880B88B8
S31504002AE83A880980808408403A882110440080B5D1
S31504002AF83A8823187AD025900402C09C1EF23F9087
S31504002B083A880BA83A8809A03A880F883A880D802B
S31504002B18C0C008403A8829103A882B18170CC0D820
S31504002B283A0005181E0800103A88050034FCCF0040
S31504002B383A880F183A8809A03A880BA83A880D10DB
S31504002B484008094016FE03103A8809B0C010094027
S31504002B583A880B183A8809103A880DA03A880FA8BB
S31504002B68808408403A881100340750023A880910CC
S31504002B783A880B183A880F483A880D40407D084031
S31504002B88170F00D93A882D103430BF003A88B9187F
S31504002B983A882FE01E8F02203A8805003405D000B3
S31504002BA83A8809A03A880BA83A880F183A880D106B
S31504002BB8407508403A8809103A880FE03A880B1895
S31504002BC83A880DB03A8825103A88271840F70840FD
S31504002BD8164F83003C00E0E03A8809903A880B983F
S31504002BE83A880F183A880DB0400809400E080010B4
S31504002BF83A8827003A882500172680D8170500DF63
S31504002C08150600D83A308400150D80D8069B0100B5
S31504002C18171280D9171380D83A8829303A882B1086
S31504002C281702C0D816850018170D00D9840380002A
S31504002C3816820011FA900420172680D97400C10060
S31504002C48043DED183A88C510170080141701C014FE
S31504002C58161E0330170500D9170FC0D83A8823A8BB
S31504002C683A8821A03A882B193A883920060F000099
S31504002C783A8805003409D0003A8809503A880B582E
S31504002C883A880F183A880D10808408403A880B1839
S31504002C983A880D003A880F003A8809103A882110B4
S31504002CA83A882318C0EE0840264500103A880D9045
S31504002CB83A880F983A8809803A880B88C0C0084031
S31504002CC83A880B183A880910402009403A880910AE
S31504002CD83A882910C01009403A880F183A8809908A
S31504002CE83A880B983A880D10808408403A880F1859
S31504002CF83A880B883A8809803A880D104075084046
S31504002D083A881510040C80A0050080E0440000E70A
S31504002D183A8817181ED67FE53A880D503A880F1850
S31504002D283A8809503A880B18407D08403A880D10AD
S31504002D383A8809903A880B983A880F183A882110E5
S31504002D483A88231840080940160800103A880B9850
S31504002D583A880D803A880F883A88099040E60840F0
S31504002D681E1700104C0080A026150010170D80D8D9
S31504002D78150480D83A8809E0C4FF3F210700C0201B
S31504002D88440E80001E088018170580D81EFA3F11C5
S31504002D981704C0D8170580D9040C80004400C0184D
S31504002DA81504C0D805008030030080201704C0D855
S31504002DB84400002744008010150DC0D80500802063
S31504002DC8171600D9170740D980860540050000E084
S31504002DD8170D80D91727C0D8172900D94400803081
S31504002DE815008018269C02201705C0D81500002750
S31504002DF8065D3E00170D80D97400C100043DED1828
S31504002E08171200D9FA900430171340D93A88C51016
S31504002E1817000012170140123A880D403A880F48E5
S31504002E28400809400E030010170D80D8C4FFBF10D0
S31504002E38150D80D8150C00D806A83E00170B00D926
S31504002E483AC02C201EC700B0171100DC171080DC0E
S31504002E583A8827000E0B0004170AC0D80E09C000CA
S31504002E683A8805801613011C170A00D9171180D948
S31504002E783AC8A1803AC889203AC88D30150A00D9BB
S31504002E88151180D9171080D80E158000170BC0D8D5
S31504002E983A0005181EC901100E0E8004171600D92B
S31504002EA83A880B983A880D90406B0640171600D955
S31504002EB8170780D93A880B103A882710802F0640BE
S31504002EC8171600D9170740D93A8823108086054073
S31504002ED8150740DC171000D93AC88D241E0E013098
S31504002EE8171600D9440040043A880B88C054064093
S31504002EF8170980D93A8825100E048001171600D9B7
S31504002F083A880B10406B06403A882510171780D864
S31504002F180EF380883A882300170980D91E9E01304B
S31504002F284400C000170A00D93A88C520CC07C01047
S31504002F381E84001804078000170A00D9171180D9BF
S31504002F483A88A1803A8889203A888D30150A00D9AA
S31504002F58151180D9171180D80E058000170740D996
S31504002F68171600D93A880D10C01A0640150780D8D6
S31504002F78170AC0D80E05C000171600D93A880B9050
S31504002F883A880D18C01A06403A882510170C00D935
S31504002F983A000520266F0110170F00D90E170201F3
S31504002FA8170B80D93A0005301E8800100E05000458
S31504002FB8171600D93A880B983A880D80C01A064025
S31504002FC83A8827103AC004881E5402103A880B9887
S31504002FD8170580DD1506C0DC4C0000A73A882728AB
S31504002FE8170700D93A880B90C0450240170700D93D
S31504002FF8170640D93A882310040CC08D409C054016
S31504003008171600D93A880B903A880D983A882910E9
S31504003018000206403A882B10170380101E28011058
S31504003028170700D93A880BA8409C0540171600D9FB
S315040030383A8821103A880BA8808605401E04008029
S31504003048171780D81E0200103AC004E0261701108C
S31504003058160601A01E0400A01717C0D81E020018E1
S315040030683AC004E026010110163D02040500C0B565
S31504003078170580D9170F00D9440080B53A88053159
S31504003088266580B0170740D9171600D9840280012F
S315040030983A880F0080580640150780D8170680D846
S315040030A8260CC114170640D9171600D984028001C4
S315040030B83A880F0080580640171600D93A880B98A4
S315040030C8840280013A880F00150680D88058064085
S315040030D83A88271006C23F003AC845243A9888A079
S315040030E8064B3E00C4FFBF0144008000150E80D97C
S315040030F8150F80D9150B80D81716C0D8C4058000BB
S31504003108151100182E0880150401C0003A88090014
S315040031183A88C71804058018440000212EFCBFB05D
S31504003128171680D915110031170F00DC064B3E001F
S31504003138171780D93A88230004FFBF31151780D999
S3150400314806F83D00040880003AC8C9100401C00006
S31504003158165A0019C4008000167E3F110407802001
S3150400316806753F00171780D9440080000EA1801108
S31504003178170F80D91710C0D8C4FFBF3016C68118D8
S315040031883AC8A518170F80D816620210171100DC62
S315040031983A880710170A80D9171180D8171600D944
S315040031A83A88CD303A88C51044004001150A80D9BA
S315040031B8151180D8C05406403A88271006253F00C2
S315040031C87400C100041FED1806673D00170580DD6D
S315040031D84400000406070000170740D9171600D94B
S315040031E8840280013A880F0080580640150780D863
S315040031F844000084170700D93A880B90C04502405A
S31504003208040CC0150500C0B5170FC0D8440080B516
S3150400321816F1FF80150600D8170740D9171600D9E6
S3150400322844008001C01A06403A8809103A880B906F
S31504003238150780D8409C05400E3C80003A8809B0A2
S31504003248C4FF3F2103004021440E8000CC3FC02820
S315040032581C20C01804E0FF181E988118170580D989
S315040032681EF7BF21170D80D844000037440080108C
S31504003278150D80D8440C800005008030171600D937
S315040032883A880B908086054026CD3E981706C0D806
S31504003298260400182603C01C171600D93A880B18EA
S315040032A880860540171600D93A880B98808605400B
S315040032B806C33E003A88051806EB3E00170A80D96D
S315040032C81711C0D804FFBF203A888D303A8887186A
S315040032D83A88A180150A80D91511C0D8061D3F0061
S315040032E81E0C3FA034048000C4FFBF103A7084A8A3
S315040032F81E083F102CFC9FA826063F101711C0D89D
S31504003308170A00D94400C018440000211511C0D872
S31504003318150A00D906003F00170740D9171600D921
S31504003328406B0640150780D806ED3E001E020010C5
S315040033384C0080B81EC13F10C4FFBFB50700C0B01B
S31504003348040C800026FCBF18440000B706CB3F00D7
S31504003358170D80D93AC88F0126F70138CC0380396E
S31504003368FA900C3074004101043D6D29171200D9F6
S315040033783A884D311701C03017008030171340D9E9
S315040033883AD121383A880D103A880F1880840840B3
S315040033983A8811103A8813183A8829103A882B184B
S315040033A826E501808400800574004104046F6D8C51
S315040033B84C0080803A0005101E080010170080890A
S315040033C81701C0893A880B483A880940808408401E
S315040033D83A881110440080B53A8813187AD02180A7
S315040033E80402408C1EF23F803A8829403A882B48CA
S315040033F806CA3D00170800D93A0005201EF6011032
S31504003408171100DC171080DCC40CC11806613F00D4
S31504003418150B00D8172680D9170DC0D8440080305C
S315040034283A88AD18C4FF3FB1150E00D90EF68105CA
S31504003438150F80DD06303F00150B00D8172600D976
S315040034480EEB01013A882D20150E00D9150F00D967
S3150400345806293F0044008001150B80D906F73F0072
S3150400346844000001150B00D906EA3F000E0C0004BF
S31504003478170740D9171600D944008001C01A064018
S315040034883A8809103A880B90150780D8409C05405D
S315040034980EE081004400C0BD840E800026A281B8D7
S315040034A8440000B70500C0B506743F00440E80000A
S315040034B8269D81B80EFA3F05440CC08D06F83F00D8
S315040034C8171600D93A880BA84400000480860540DC
S315040034D806DF3E00171600D93A880B988402800145
S315040034E83A880F00805806403A882710150680D86F
S315040034F806BB3E00171180D9170D80D8150900D8C8
S315040035083AC88D303AC88700151180D91510C0D825
S3150400351806FE3C003AC88D01151180D9150A00D853
S3150400352806F33C00170D00D9C01009403A880B88E9
S315040035383A8809803A880F183A880D10C0EE084070
S3150400354826E13C10170D80D9C4FFBF31150D80D96B
S3150400355806DD3C00170700D93A880B90409C0540C5
S315040035680E8D3E10170740D9171600D9840280011C
S315040035783A880F0080580640170D80D9150780D859
S31504003588C4FFBF31150D80D91EA701B0170E80D808
S31504003598150F80D806803E00170480903A88851057
S315040035A83A8885103A88851417040011008905405D
S315040035B80408C0003AC88718065A3E00170740D9B7
S315040035C8171080D9171600D9406B0640150780D8FE
S315040035D806433E00170F80D9170D80D8150380D9E6
S315040035E8150480D8170BC0D83A0005181EE2001037
S315040035F8170300D93A88050034F8CF00FA900C204E
S3150400360874000101043D2D213A880B183A880D31BE
S3150400361817FF7F3217FE3F323A8809103A880F4857
S315040036283A880D40C0C008403A880B183A880DB04D
S315040036383A880FB83A880910407508403A880BA8A2
S315040036483A8809A01519C0D8151880D84020094009
S315040036583A8809103A882710C01009403A880BA8F6
S315040036683A8809A03A880F183A880D104075084018
S31504003678171880D93A882318151480D83A882D3013
S31504003688170580D9040CC09C151540DC1719C0D839
S315040036980500C034170580D8171940D9171480D9DE
S315040036A83A8809B03A880F883A882F1844000017D0
S315040036B840F70840164E8000171480D93A8805004A
S315040036C834FCCF003A880B183A880F883A880910D0
S315040036D840750840171940D93A880F183A8809B02E
S315040036E83A880D1040F7084016A2BD001703C0D843
S315040036F8440080001612C01006453D00171480D9F0
S315040037083A88050034FCCF003A880B183A880F88A3
S315040037183A88091040750840171BC0D93A880B180F
S315040037283A8809103A880DB04008094016913D10A8
S31504003738170580D9170300D93A8805312634BDE020
S31504003748340950043A8821003A880BB83A8809B0F3
S315040037583A880D803A880F8880840840171540D91E
S31504003768171400D93A880F883A880D00151A80D894
S31504003778151BC0D8808408403A880B183A88091063
S315040037883A8823183A882110402009403A880910B3
S315040037983A882B10C01009403A880B883A88098061
S315040037A83A880F183A880D10407508403A8821104F
S315040037B8171B00D93A882318151400DC040C40ADED
S315040037C8151540DC171A80D8050040E53A882F20DD
S315040037D8171BC0D9171400D93A880B883A880D10D4
S315040037E83A882D10440000E7400809400EC33F10EC
S315040037F8170400D9150D00D906713D00171780D98D
S31504003808840080000EE6BD111EFB3C20171600D965
S315040038183A880B90440180013A880F008058064084
S31504003828170700D93A880B103A882510409C05409A
S315040038380EF1BC00170DC0D8170500D9150600D817
S315040038484400C018150DC0D8440C80004400002755
S315040038580500802006893E001705C0D806C23B002D
S3150400386874008101046FAD311709C0301708803020
S31504003878171200D9171340D93A880F183A880D1029
S31504003888C0C00840CC038094C40080053A88291037
S315040038983A882B1806893C00171000D9170980D9CD
S315040038A83A8825003AC805113A8889203A888D301D
S315040038B8151000D9150980D906323E00440080281F
S315040038C84400002705008020066C3E00170F80D8A8
S315040038D816E0BC00170F80D91EC53C303A8805008F
S315040038E83405D0003A880B983A880F183A88099014
S315040038F83A880D10808408403A880B183A880FA82D
S315040039083A8809103A880DA0C0FF08400EB83C1042
S315040039183A8827003A88250006C63F0017014099C9
S31504003928171600D980DE0540170480990403001190
S31504003938040340993A888D313A888D3104028031DE
S315040039483A88231000650540171600D93A880B886B
S3150400395844008001C01A06403A880B10069C3D00B4
S31504003968440E8000267080B8440080B8440000B72E
S31504003978050080B006413E00170380D87400810113
S31504003988043DAD313A8809B0FA900E103A880BB85E
S315040039983A888F3917FEBF38170580D917FFFF38BD
S315040039A8440000373A880F183A880D108084084076
S315040039B83A880BA83A8809A03A882F183A882D100D
S315040039C8402009403A8809103A882710C01009404F
S315040039D83A880BA83A8809A03A880F183A880D102D
S315040039E8407508403A880B181705C0D8040CC09CC3
S315040039F83A8809100500C01C3A882120170300D903
S31504003A08440080003A882328262280203A882910F0
S31504003A183A8805003409D0003A880F183A880D10F8
S31504003A283A880B883A880980808408403A880B18B3
S31504003A383A8809103A8823183A8821104020094000
S31504003A483A8809103A882B10C01009403A880B881E
S31504003A583A8809803A880F183A880D104075084044
S31504003A683A880B181705C0D83A880910040C40ADD3
S31504003A783A88051D050040153A882120170300D900
S31504003A88440000A53A8823281EE13FA13A8805E5A3
S31504003A98C4FF3F173A88250034F8CF043A8809B09A
S31504003AA83A880BB83A880D903A880F98407D0840B2
S31504003AB83A880B183A8809103A880D803A880F888C
S31504003AC84008094016AB3C103A8809003A880B9816
S31504003AD83A880FB83A880DB0407508403A880B18EA
S31504003AE83A880F883A8809103A880D8040F70840C2
S31504003AF80E47BC00040CC000C4FF3FE7070080E083
S31504003B0826FDFF10170480D9440000E7150D80D957
S31504003B1806AB3C00170FC0D8171100D93AC8E120E4
S31504003B283A880700069B3D00440E8000050080B0D5
S31504003B38440080B506C13D008400800506F73B00B5
S31504003B48170F00D90E003C01170E80D90E30BC01A0
S31504003B583A8805003409D0003A880BA83A880F1821
S31504003B683A8809A03A880D1080840840440000B1B8
S31504003B783A8821103A882318C01009403A880B88D5
S31504003B883A8809803A880F183A880D1080840840C4
S31504003B983A881100340750023A880B183A880F48B5
S31504003BA83A8809103A880D40407D08403A882D1015
S31504003BB83430BF003A88EF10170D80D8170EC0D8D6
S31504003BC83A882980C4FFBF103A882B88150480D800
S31504003BD81503C0D806833E00170180D8171100DCE8
S31504003BE8171080DC840DC0003AC8871806693D00A2
S31504003BF8440080013A882130150F80D9152680D9CA
S31504003C08150E80D906933B003A8821B0150F80DD3E
S31504003C1806903B001E223E104C0080B83A00051060
S31504003C281E1F3E10061B3E00171600D93A880B982D
S31504003C38840280013A880F0080580640170EC0D8BF
S31504003C483A882710150FC0D806D33C0004FBFFDEBC
S31504003C581503C0DC150280DC1504C0DF150140DC41
S31504003C68150000DC3A8827203A88252826020020F1
S31504003C78170E8020265600100B030091CCFFFF2058
S31504003C881C00E0180400E0180C0280181E26001018
S31504003C981701C090140082200D0380903A880910F9
S31504003CA80E40C000170A0092264000400C008420EB
S31504003CB826530010171400940B0380900C018010EF
S31504003CC81E480010170740913A8809983A880D80CB
S31504003CD83A880F003AE83E401E2680800B038090FF
S31504003CE81704009115010090CCFFBD10CCFFFF10FE
S31504003CF80C00C4180D03809015000091262B00189B
S31504003D083A8807003A880518151400941704C0DF82
S31504003D181703C0DC170280DC170140DC170000DC3F
S31504003D280405C0DE3A2800F817044094261F0088C4
S31504003D3817008090CC00C018150040943AC8611446
S31504003D48262500183A880500150280900E170004E7
S31504003D581709C090170740913A880D883A880F804A
S31504003D683A8809983AE83E183A88A3883AC8A18056
S31504003D7816F6BF000B038090C4FFFF0014108010D2
S31504003D880D0380903A8805181704C0DF1703C0DCB2
S31504003D98170280DC170140DC170000DC0405C0DECE
S31504003DA83A2800F8170F809016BEBF003A88070015
S31504003DB83A8805181704C0DF1703C0DC170280DC2D
S31504003DC8170140DC170000DC0405C0DE3A2800F8B9
S31504003DD8C0EE034006A83F001705809015028090A0
S31504003DE806DA3F0017018090170CC0903AC8A180E4
S31504003DF826B43F18170F80903AC8A18006B13F0031
S31504003E08170740913A8809983A880D004400C0017A
S31504003E183AE83E403A882110C4FFBF002602808053
S31504003E28170A009206A43F001700C09844078000AA
S31504003E3826DEBF180B0380903A880780141080107A
S31504003E480D03809006CF3F003400410104154F2925
S31504003E583A88072026050020740081000459B41006
S31504003E68170000113A880B1841C5034074008100F5
S31504003E78045AB4101700001141A504403400810007
S31504003E8804F29B10150B802034008100042D9C102D
S31504003E98150880203400C100040EDC1834008100A3
S31504003EA804F49B100D0340218D0380211509C020BD
S31504003EB8150A80201500002015010020150200208F
S31504003EC815040020150500201506002015070021F5
S31504003ED83A2800F83A2800F83A2800F83A2800F868
S31504003EE83A2800F8170E802004FDFFDE150140DC91
S31504003EF8150000DC1502C0DF44004004040140013B
S31504003F083A880D003A88212004BB00223A880F20FB
S31504003F18260500101702C0DF170140DC170000DC75
S31504003F280403C0DE3A2800F8170100213400810092
S31504003F3804F48F10C400C000150F808015B9C08022
S31504003F4815BA0082150E408415B8008040E803406F
S31504003F58170200813A880D883A880F808402400146
S31504003F6840E80340170300813A880F80840440011F
S31504003F78840080011702C0DF170140DC170000DC4B
S31504003F880403C0DE41E803403A8805003A2800F8ED
S31504003F983A8805003A2800F8740081000459B410D8
S31504003FA8170000113400410104E64F29C1B1044049
S31504003FB8740081000459B41017000011340041013B
S31504003FC804E44F29C1B104403400410104245D29A5
S31504003FD8C1B1044074008100045AB41017000011DA
S31504003FE801FD034004FCFFDE150000DC3A882128A5
S31504003FF8150140DC041740013A8823203A880980D1
S315040040081503C0DF1502C0DCC05B09400403401178
S315040040183A8809883A882710C0E204400403C01085
S315040040283A8823103A8809183A880D983A880B0072
S31504004038260B0010150100141502C01015000010F7
S31504004048007D05403A8805881703C0DF1702C0DCDF
S31504004058170140DC170000DC0404C0DE3A2800F827
S315040040683A8823003A8805881703C0DF1702C0DC9C
S31504004078170140DC170000DC0404C0DE3A2800F807
S3150400408804FDFFDE74008100045AB410150000DC38
S3150400409817000014150140DC1502C0DF170E8080D6
S315040040A83A8823202626001004B800841701808045
S315040040B817020081C4FFFF10160900180F03802099
S315040040C8260B0010C4FF7F01060200000F038020A0
S315040040D826070010C4FFFF18041700211EFB7F19CA
S315040040E817008080261900103A88211006EF3F0031
S315040040F8C4FFBF004400C0008D0380200D03C02008
S3150400410815000020150200201501002015040020C2
S315040041181505002015060020150C0020150D002095
S3150400412815110020151200203A8805201702C0DF51
S31504004138170140DC170000DC0403C0DE3A2800F847
S315040041483A880980C0EE034006D73F003A880988B2
S3150400415804014001C0FE0340150080801EE23F10A2
S31504004168040380003A8809001500808806EE3F009B
S3150400417804FBFFDE1503C0DC7400C10404D5EE9C01
S31504004188150280DC150140DC150000DC3A8823287A
S315040041983A8825201504C0DF80080A40170280984B
S315040041A83A8809903A880B001701C01004FFBF002B
S315040041B83A70A0183AC86384C4FB438C3AD322885D
S315040041C8C4FF8300C4FF7F8C3A9322880E064014EA
S315040041D880F506401702C0983A8809903AC84B04F5
S315040041E83A88C7802609C010C0080A403A880500DC
S315040041F81704C0DF1703C0DC170280DC170140DC94
S31504004208170000DC0405C0DE3A2800F83A8809904D
S3150400421880F506403AC84D84C4FFFF003A880990E1
S315040042283A880B007400C101040DFB39540080312F
S315040042382609C010170080381702C0983A880990D2
S315040042483AC845141500803815018019C0080A4073
S315040042584400800006E63F0080F506401702809970
S315040042683A880F103A8809903AC88711C40380001F
S31504004278540040190EDCFF1074008100045EB4106B
S315040042881700C01074008100040DBB1015014031DD
S315040042983AC8C7381500C01006D33F0004FDFFDE30
S315040042A8150140DC150000DC1502C0DF3A88212818
S315040042B83A882320265A002880080A4004FE3F82AA
S315040042C81701404184FFBF007400810204D5AE5231
S315040042D83A708E283A88CD411701C030170200512A
S315040042E804FFBF003A7092183A88175026670031BF
S315040042F84C0080283A000510150140321E1A001099
S315040043083A880B003A884732170180184C00801007
S315040043181E2300103AC00A283A884F3A1E45002838
S31504004328170200317400810004D7AE10267B802062
S31504004338170380303A88073A1500C0191502001188
S31504004348150380205400803815018040261A002859
S315040043583A8809881702C0DF170140DC170000DC19
S315040043680403C0DEC1080A4017FEBF800402C05019
S315040043783AC89140170200413A888F382661C0200E
S31504004388170380403A8847323A880B001502001111
S3150400439815038020170180184C00801026DD3F1075
S315040043A8540080383A88073A3AC00A2815018040EA
S315040043B81500C0191EE63F28C47F80002E1FC011B1
S315040043C87AD206381E480018FAD00438FA9006102D
S315040043D83A88CD1A170240312659403117018028E8
S315040043E804FFFF003A70C4102E02803817024029D1
S315040043F81EFA7F31170380291503804115024041AF
S315040044083A8809881503002A150200321702C0DF04
S31504004418170140DC170000DC0403C0DEC1080A40AB
S315040044281702C0DF170140DC170000DC0403C0DEF6
S315040044383A2800F81702003106BD3F00FAD00638BC
S315040044484400800017014051FA900818BAD007189A
S315040044583A88C922170280213A98C41015030041E4
S31504004468150280413AB08A28150200223A8809883A
S3150400447815014051150300321702C0DF170140DC4D
S31504004488170000DC0403C0DEC1080A404C0080287B
S315040044983A884D3A1E07001017FEBF803AC8914065
S315040044A8170300411702C0403A888D301502C02010
S315040044B81503001974008100045DB4101700001177
S315040044C85400C030150200521501C04036A03F31D1
S315040044D8740081000403BB10170040113A88098848
S315040044E880170440069A3F00040180002E07C01076
S315040044F8040580003619C010C4168018FA900610F0
S3150400450806B33F0044004001067E3F00BAD1043892
S31504004518040E8010FA90061006AD3F00150300221B
S31504004528150200223A88053A5400C0381500C0110D
S31504004538150200411501C0401503004106843F00D9
S31504004548BAD005104400C000170100513A988618DD
S315040045583AB0C8201501005106A73F00041580008B
S315040045683604C0103AD30438841B8010FA90061017
S3150400457806973F00045580003604C010FAD3043861
S31504004588C41D8010FA90061006913F000455810058
S315040045982E03C010841F800004FCC000068C3F0054
S315040045A8BAD40438041F8010FA90061006883F000F
S315040045B81702803004F5FFDE150900DF150780DDD4
S315040045C8150380DC150AC0DF1508C0DD150640DDB5
S315040045D8150500DD1504C0DC150240DC150100DCF8
S315040045E83A882D303A8839203A882528261C00101E
S315040045F80B03C0290C0280382627001017048028CC
S31504004608262500108C008038170040B5262800108F
S315040046183A8821003A8823003A880D883A8809E0BE
S3150400462804008100266E00803A880F80170740919F
S315040046382E0100143A880F101709C0903AE83E185C
S315040046483A8807103AC8A1803A88A3880E6D800074
S31504004658170280B03AC8C510150280B01EEE3F1086
S315040046683A8809003A880520170AC0DF170900DFC7
S315040046781708C0DD170780DD170640DD170500DDBE
S315040046881704C0DC170380DC170240DC170100DCC2
S31504004698040BC0DE3A2800F8003202401EE400107B
S315040046A80B03C091170040B58C0080381ED83F1004
S315040046B84C0080383A000510265700103A8829001D
S315040046C83A882F00264200A00C80803817020094EE
S315040046D8268B00103A880D8036A500A40C20813854
S315040046E8262700101705809017040092170040919A
S315040046F83A8887103A888718FAD708183AC8212AB0
S31504004708440080803A88C9207AD027203A8885A030
S315040047183A880D982E0280983A8827103A880D1000
S315040047280C00813826B800103A880B303A8809E01C
S31504004738C0E2044026310010170440913A88091053
S315040047483A880D803A882310006505400B03C0900B
S31504004758C4FFBE003A7086181420C0180D03C09012
S315040047683AC8079C3A88058C3A880DA03A8821A04D
S31504004778150080901502C090150440941505C09440
S31504004788170000913A880BB83A8823A0006F0540B1
S315040047981702C090170080903A8827A03AC8071CC9
S315040047A83A8805141502C0903A8821A0150080900D
S315040047B8170280B03AC80514150280B026A83F101F
S315040047C83AC869A40B03C0913A88EFBC1EBE3FA041
S315040047D81700C0AD170100AD040240AD06B93F008D
S315040047E8170040AC170100AC040240AD068A3F002E
S315040047F8170440913A8809E0402A044004038000DB
S31504004808150080E00B038090C4FF3F01141080104C
S315040048180D03809006933F003A8827003A882F00B4
S31504004828150000D83A882900261E00981700C0D813
S315040048383AC00418265E00103A8821982E01C0A4AE
S315040048483A8821A0170000911704809017028091D6
S315040048581705C0912E0200113A88E3311616008C0A
S315040048681638C0811709C090170740913A8809E09D
S315040048783A880DB83AE83E183A8823100EE1BF0084
S315040048883AC869A4261800A0170280B03AC8451485
S31504004898150280B026723F103AC8679C3A886FBCE6
S315040048A81EE23F981700C0AD1701C0AC040240AD24
S315040048B8150000D806DC3F003A880BB83A880D88FC
S315040048C8006F05401700C0903A8809E03A880B90B3
S315040048D83A88471C1500C09040C503401EC93F10BE
S315040048E83AC869A41EE83FA03A8809E03A880B90BA
S315040048F840C503401EC33F10150000D806E23F001A
S3150400490817000091170480902E0200113A8823801C
S31504004918363100851705C0913618C0A11709C0900D
S31504004928170740913A8809E03A880DB83AE83E18DC
S315040049383A8821100EB3BF003A8823103A88271004
S31504004948069B3F003A880BB83A880D80006F0540ED
S315040049581702C090170080903A8823803AC8071C2B
S315040049683A8805141502C0901500809006C43F00C5
S315040049783A880DA03A8821A006813F003A880BB8E8
S315040049883A880DA0006F05401702C0901700809062
S315040049983A8821A03AC8071D3A8805153A8823A0FB
S315040049A83A8827A01502C0901500809006803F001B
S315040049B83A8809B8840240013A880D98C0560540D9
S315040049C8261700103AC8C51544000015440080008F
S315040049D8150080D806983F003A880BB83A880D80A7
S315040049E8006F05401700C0903A8809E03A880B9092
S315040049F83A88071C1500C0903A88278040C50340AA
S31504004A08266B3F10067F3F003A880B403A8809E038
S31504004A18408F064026763F103A88231006503F00FA
S31504004A284400C0004400009D1500C0D806823F001B
S31504004A380B0380904402C000C4FF3F011410801089
S31504004A480D0380901500C0E006063F0004F7FFDE5C
S31504004A581503C0DC04B8C024150680DD150540DD41
S31504004A681508C0DF1507C0DD150400DD150280DC56
S31504004A78150140DC150000DC3A882B203A882D28DD
S31504004A88C0ED0340262100983A882F001701809C20
S31504004A981702009CC4FFBF90160D00103A88230025
S31504004AA8C4FF3F050F0380804400408C260600108F
S31504004AB88F0380803A880B803A8809A82602001555
S31504004AC83AE83EB03AB0AEB8041700841EF57F94AF
S31504004AD81700C09C1EED3F9800EE03403A8805B8BF
S31504004AE81708C0DF1707C0DD170680DD170540DD88
S31504004AF8170400DD1703C0DC170280DC170140DC4D
S31504004B08170000DC0409C0DE3A2800F83A882F00AA
S31504004B1806F13F0004F8FFDE1503C0DC04B8C02420
S31504004B28150540DD1507C0DF150680DD150400DD13
S31504004B38150280DC150140DC150000DC3A882B28B8
S31504004B48C0ED0340261F00983A882D001701809C63
S31504004B581702009CC4FFBF90160C00103A88230065
S31504004B68C4FF3F050F0380804400408C26050010CF
S31504004B788F0380803A880980260200153AE83EA801
S31504004B883AB0ACB0041700841EF67F941700C09C94
S31504004B981EEE3F9800EE03403A8805B01707C0DFBB
S31504004BA8170680DD170540DD170400DD1703C0DC92
S31504004BB8170280DC170140DC170000DC0408C0DE9D
S31504004BC83A2800F83A882D0006F23F001703A0D0C9
S31504004BD83A2800F8740081000431AD103A2800F828
S31504004BE8740081000459B41017000011C1BD0440B3
S31504004BF804FCFFDE7400C100042CED18150280DCE9
S31504004C08150140DC150000DC3A8823203A8825285B
S31504004C181503C0DF3A8821303A8809303A880B18D8
S31504004C2826090030401107403A880980740041017A
S31504004C3804176D291E0B0010150D008C150C808C9D
S31504004C487400C100042CED183A8805181703C0DF50
S31504004C58170280DC170140DC170000DC0404C0DE00
S31504004C683A2800F8401107403A88070026F23F1010
S31504004C7806F53F00740081010459B4313A880720C7
S31504004C88170000313A880D283A880B1881BF04406A
S31504004C980B03802804EDFFDE151040DC8C00801021
S31504004CA8150F00DC1512C0DF151180DC3A8821289F
S31504004CB83A882320260B0010C410C028440080001C
S31504004CC8150580281504C0281500C0281712C0DF4A
S31504004CD8171180DC171040DC170F00DC0413C0DE44
S31504004CE83A2800F88F034029162100283A880DD857
S31504004CF8404A0740161E0010170180D81400E00029
S31504004D080C003C112631C0200B0380800400C80027
S31504004D18140082100D038080261EC020040081041E
S31504004D283A8809883A880B90C0E204403A88091000
S31504004D38263100100B03C0803400810004F48F1060
S31504004D48150F80881420C018150580840D03C080AB
S31504004D5815040081150000811712C0DF171180DCC5
S31504004D68171040DC170F00DC0413C0DE3A2800F8DD
S31504004D780B03C0800C20801826040010041080043D
S31504004D88140082180D03808006E53F0004008104A0
S31504004D9806FB3F008F0340813A8809888051074003
S31504004DA826DE3F100B038080C410C08004008104F3
S31504004DB8540080100D038080440080001504C080D0
S31504004DC8150580801500C08006D53F00170AC080E7
S31504004DD83400810004F49B101ECBBF180B0380809B
S31504004DE80400C1003A8825183AB0C4100D0380801F
S31504004DF81513C08006CA3F000B0300810C8080206F
S31504004E081EB23F10C410C0809400002144008000E4
S31504004E18150580800D0300811504C0801500C08027
S31504004E2806AA3F0004F6FFDEC402C02884058000F3
S31504004E38150280DC1509C0DF150800DF1507C0DD7B
S31504004E48150680DD150540DD150400DD1503C0DCF7
S31504004E58150140DC150000DC3A8825203612C010FE
S31504004E68040440042E144089040380003A88070089
S31504004E78150080903A8805181709C0DF170800DF5F
S31504004E881707C0DD170680DD170540DD170400DDAA
S31504004E981703C0DC170280DC170140DC170000DCAE
S31504004EA8040AC0DE3A2800F804FEBF003A70A218C5
S31504004EB816ED3F8836EC7F893A88099080080A40BF
S31504004EC8C47D80002E2B40147AD206881E3F001813
S31504004ED8FAD00C88FA9004307400C10204D5EE5A4C
S31504004EE83A88CB121703002C3A880F581E04002C54
S31504004EF8060A00000E860018170300842607002CED
S31504004F081701808004FFFF003A70C8103AC8472486
S31504004F18C40380000EF7FF10C4FFBF3144004032BB
S31504004F287400810204D7AE521702005426A0808268
S31504004F381701808004FFFF003A70CA103AC84D2C46
S31504004F48C40380001683801115038052150280520B
S31504004F58162900303A884781170180183A8809903B
S31504004F685400801015018018C0080A400402C08045
S31504004F7806C03F007400C10204D5EE5A3A88C58AB1
S31504004F88170300143A880F58FAD00688266C0014BA
S31504004F981701C08004FFBF00170380813A70861882
S31504004FA83A88C78017018018170240813A88099001
S31504004FB85400801015018018150240311503802904
S31504004FC8C0080A400402C08006AA3F000401800003
S31504004FD82E05C010040580003678C010C416801942
S31504004FE8FA90043006BC3F00BAD10488040E801136
S31504004FF8FA90043006B83F00C47F800036BB4011DF
S31504005008FAD0062804FE3F5744008000FA90081890
S31504005018BAD007181701C0E13A880959170240217E
S315040050283A98C41015030081150240813AB08E38A7
S315040050381503002C150200241501C0E13A88074817
S3150400504816CD0048BAD00718440080003A98C8100C
S31504005058364400393A70C4211E0A00103A880921D8
S3150400506804FFBF003A7084483A70063904014012B6
S315040050781E0400183A8809213A7004390401404A82
S3150400508826FC3F10FA9004483A88194804FF3F0260
S315040050983A889B583A880768C40340011703001CDA
S315040050A81E04001C06A700000EAB0030170300847C
S315040050B826A4001C170180803A7004123AC84D14BD
S315040050C80EF9BF29170300811702C08054004089CE
S315040050D83A8845841502C020150300191501408134
S315040050E83A88871154000031150380501502805000
S315040050F81500801915010011150280121503801276
S315040051083A880990C0080A400402C08006593F003C
S315040051183A880981170180201702C0801703408145
S3150400512854008010150180201502C0281503401963
S315040051383A880990C0080A400402C080064D3F0018
S3150400514804028080170300141E913F148400401A39
S3150400515806733F005400C0883A8845841501C08008
S3150400516806DF3F00170200E404FFBF001701C080F2
S315040051783A882D803A70AA18361640AC3AC849AC13
S31504005188C40380000E130011540080883A884784AB
S315040051981501808054008020150180181502C0E08E
S315040051A83A880990C0080A400402C08006313F00C4
S315040051B81701C03904FE3F5706A03F0004158000B6
S315040051C83667C0103AD30488841B8011FA900430D9
S315040051D806413F0017AAA6D01705E0D0C4FF3F052D
S315040051E8040480103A88A7882603001DC4FFC398C0
S315040051F80400BC003A70A6183A8809903A880B98B5
S3150400520880F506403A880910260400153A884B8525
S315040052183A8829102E5A4011260C0087170200E4F2
S315040052281701C08004FFBF003A708418360340147F
S315040052383AC84914C403800016D33F113A88099022
S31504005248C0080A403A880700060A3F007400C105E8
S31504005258040DFBBD170080B83A888D98150080B9EF
S315040052681705E0D0C4FFBF00268E80183AC845212A
S315040052783A888530150080B8CC01C0201E5F001816
S315040052883A880B003A88C5A4CCFF83100400C400EE
S315040052983AC887183A88E7283A8809903A880B98CA
S315040052A880F506403A880710C4FFBF00267A80189E
S315040052B83AC8051D3A8885985400C010170080B866
S315040052C83A8821A01501C0A03A888598150080B8A7
S315040052D8150200E5263600B7C4038001364B40356F
S315040052E844008000150180A006CD3F007AD2082824
S315040052F81E370020FAD00828FA9006203A88D11AD0
S3150400530817028041265B80411701803004FFFF00A5
S315040053183A70C4102E028028170280311EFABF4143
S31504005328170300321701C03915030082150280815C
S315040053387400010704D52EE715030034150200444A
S31504005348063E3F0044000063CC008060265D0010E2
S315040053580402C01806513F003A888980066D3F004A
S31504005368045580003620C010FAD30488C41D801161
S31504005378FA90043006D83E00C400C04806313F00FF
S315040053887400C105040DFBBD170080B83A888D98D2
S31504005398150080B91EB23F29CCFF83201EB03F10EA
S315040053A8170200E43A88459D540080101501808050
S315040053B81700C0B817ABA6D02E01C01015ABE6D09F
S315040053C817ACA6D02E96FF1015ACE6D006943F006F
S315040053D804018000361E0011BAD10428040E0011F7
S315040053E8FA90062006C53F00045581002E1DC010FC
S315040053F8841F800104FC800006B73E000402800076
S315040054083AC8CB103A886921069E3F0004FEBF00BD
S3150400541804FD3FA93A7088203A880BB14401C000BC
S315040054281502C0281501C028170180B04C00801049
S315040054383AB08420150180B02EDD3F31040240B114
S315040054483A880990402A0440170200E406D83F0027
S315040054580405800036150011C4160021FA900620AA
S3150400546806A63F00BAD40488041F8011FA900430B3
S3150400547806993E00BAD009207400410104D56E2964
S315040054884400C000170180283A9806193AB0C41097
S315040054981501802806A33F003A8827004400C00067
S315040054A806863F00150520D106733F0004158000C3
S315040054B8361900113AD30428841B0011FA900620E1
S315040054C8068E3F003A880B483A880768CC0080283D
S315040054D804FEFF18C4FF7F2926150010170280183A
S315040054E826FAFF103A880921361E3F39261D3F2021
S315040054F83A70C421260200103A88136006E13E0079
S315040055083A8809213A7004390401006326FC3F10DD
S315040055183A88136006DB3E000455800036080011FD
S31504005528FAD30428C41D0011FA90062006733F0016
S315040055383A3004013A708E381501C0E106E93F0095
S31504005548045581002E030011841F000104FCC000C9
S31504005558066A3F00BAD40428041F0011FA900620EC
S3150400556806663F00C4008000CC3F40293A880720DD
S315040055782E0280113A708420260B0010C4FF3F3196
S315040055881E050030062C0000C4FF3F21C4FFBF00DF
S315040055984400C01826288020030080181EFABF2855
S315040055A83A8805183A2800F83A8811003A88070014
S315040055B80401C0013A9204404400C0183A885111C3
S315040055C81EFCFF19F4BFBF02C4BFBF527420600299
S315040055D80420604AC400C0021700802004FFBF31BB
S315040055E83A880F203AF004123A8887123A70461A13
S315040055F83A3084003A70C410260B00100300802049
S31504005608260F8028430080204400C021260C8028C9
S31504005618830080208400C02126098028C3008020B6
S31504005628C400C021260680280401002136EABF5991
S315040056383A88072006D13F003A8805003A2800F838
S315040056483A8805383A2800F8C403C0013A8807207E
S315040056582E0380393AB00429CC008010260900109C
S31504005668260600303A88CD300300802844004029B5
S31504005678050080184400C0181EFBFF303A88052030
S315040056883A2800F83A8811383A880F201700C028B3
S3150400569804FCBF311500C03817018028150180386D
S315040056A81702C0281502C0381703802804044029A5
S315040056B8150380380404C03936F4BF41C400800099
S315040056C82E0780113A8807101700802804FFBF3177
S315040056D804014029150080380401C03936FABF1977
S315040056E83A88073806DE3F003A8807283A881120A0
S315040056F82E0C00293A888F292E0AC0212607003045
S315040057083A8887213AC88D19C4FFFF3903008038BF
S31504005718C4FFFF18050080181EFBBF193A88052028
S315040057283A2800F8C403C001360A803926FB3F30FC
S315040057383A880F403A880D320300802844004029ED
S31504005748050080384400C0391EFBBF393A88052055
S315040057583A2800F83AB00419CC0080101EF33F101A
S315040057683A8811383A880B183A880F201700C02847
S3150400577804FCBF311500C03817018028150180388C
S315040057881702C0281502C0381703802804044029C4
S31504005798150380380404C03936F4BF41C4008000B8
S315040057A82E0780113A8807101700802804FFBF3196
S315040057B804014029150080380401C03936FABF1996
S315040057C83A88113806D93F00C4008000CC3F4029E6
S315040057D83A8807202E0280113A7084202608001081
S315040057E8260500303A8805283A88CD300500801801
S315040057F84400C0181EFDBF193A8805203A2800F847
S315040058083A920428C40300023A880F203AB084283E
S315040058183A9406103AB0C6102E0A80413A880540D2
S3150400582804FCBF311500C0381501C0381502C0384C
S315040058381503C0380404C03936F9BF11C400800002
S315040058482E05801104FFBF31C40080001500C0383E
S315040058580401C03936FBBF113A88073806E03F0011
S315040058682608002817018028171300213A8885106E
S315040058783A8885103A8805111700C0101500C02803
S31504005888150040113A2800F8ECFFBF202614001032
S315040058983A8807002CC0BF201E0200103A9208203E
S315040058A80402C0182C00BC201E0200103A910820DD
S315040058B80401C0182C00B0201E0300103A880521E4
S315040058C88400C0183A888910160300202C009020FA
S315040058D8260600104400C0183A8805183A2800F825
S315040058E83A9408200404C00006EA3F000408C000ED
S315040058F83A8805183A2800F81700C020CC01801801
S31504005908260A00104C0080183A00051026210010BB
S315040059188C0080181E250010BAD004188400400193
S31504005928150080203A8805283A2800F8CCFFBF18C5
S31504005938261500103A880B00CC3F80181E0200106A
S315040059483AD2061804024029CC0380181E02001015
S315040059583AD1061804014029CC0080181E0200100A
S31504005968BAD00618840040294C0080181E0300107B
S315040059787AD00618260A0018440040293A880528C9
S315040059881500C0203A2800F83AD406180404400141
S3150400599806E93F003A880B003A8805283A2800F8B1
S315040059A8040840013A8805283A2800F87AD00418E9
S315040059B8440040011500802006DA3F0017048020C1
S315040059C81704C0283AC8CF101E0C00383A88C518E0
S315040059D83A8885100405C010040500213A88CB28A6
S315040059E83A88852004FFBF1004FF7F291700801119
S315040059F81700C0281E03C03036FABF203A88053877
S31504005A083A2800F83603C0304400C0013A880538FD
S31504005A183A2800F8C4FFFF0106F83F002CFC5F296A
S31504005A2834303F013A880B293AC845013AD507105C
S31504005A383A880D000E0440013A880F283A88073838
S31504005A483A8805303A2800F8C404800004FB3F1954
S31504005A580E0CC010C40780003AC8071184078000DA
S31504005A684400400116020011440080003A98CA1006
S31504005A783A880F003A880D283A8807383A88053054
S31504005A883A2800F8340280003AD8CF103A880D0034
S31504005A983A8805303A8807383A2800F817048020E7
S31504005AA804F9FFDE150400DD3A888510040500258F
S31504005AB83A888510150000DC3A88A1A0150540DD52
S31504005AC817FF7F85150140DC1506C0DF3A8809A84B
S31504005AD83A8823281503C0DC150280DC00890540B2
S31504005AE83A880B10040880003AC8451115008088C6
S31504005AF88402800004FFFF8016144011C40280004B
S31504005B083AC849113627C0A03A880D0044058028AA
S31504005B183AD806A93A9884A834FCCF1C3AB0A411FA
S31504005B283A8805903A8807981706C0DF170540DDB6
S31504005B38170400DD1703C0DC170280DC170140DCFC
S31504005B48170000DC0407C0DE3A2800F8360EC0A0A9
S31504005B5844FD3F293A880D00260F002004088000DA
S31504005B683AC80B113612C0A03A880F003A9804A90D
S31504005B783AD846313A98083134FC8F103AB0A61808
S31504005B883AB0243906E63F0044FD3F2917FEBF8193
S31504005B9804FEFF801EF13F2034FCCFAC3A88253042
S31504005BA806DF3F0017FFBF183AD80C1106D73F0087
S31504005BB817FFBF183AD84E1106EC3F0004F9FFDE6A
S31504005BC8150240DC3A8823283A880BD81506C0DF24
S31504005BD8150500DD1504C0DC150380DC3A8825208C
S31504005BE840AA05403A880988040140D93A8827100A
S31504005BF83A88291840AA0540170400891704C09151
S31504005C08170180D93A880B183AC80F393A88091007
S31504005C18170080D87A910E383A8811203AC8851127
S31504005C283A88C5113A9506103A8813280E0D80004D
S31504005C383A88291D3A880BA03A880F483A88099861
S31504005C483A880D40C0C008401706C0DF170500DDB6
S31504005C581704C0DC170380DC170240DC0407C0DE27
S31504005C683A2800F83AC8D32806F23F0004FEFFDEB5
S31504005C78C4058000150000DC1501C0DF3A88212020
S31504005C88160C0011FA9004207400C100043DED18A6
S31504005C983A88C51017014012170000123A880748B7
S31504005CA83A8805401701C0DF170000DC0402C0DE8D
S31504005CB83A2800F83A88110034FC4F023A8805005D
S31504005CC83409D0003A880B483A8809403A880F18AC
S31504005CD83A880D1080840840C4FF3F843A8811101E
S31504005CE83A8813181EF53F803A8805403A880748CB
S31504005CF81701C0DF170000DC0402C0DE3A2800F8EA
S31504005D08C4FF7F29170480307AD10B280405803113
S31504005D183A8885103A884B293A884B293A88851057
S31504005D283A880B293A888730040140292E05C03061
S31504005D3817008030040180311500802004010021F9
S31504005D4836FBFF302E0340211500002004010021F4
S31504005D5836FD7F213A2800F8170480207AD10728CF
S31504005D68040500210E0DC0103A8885103A8885105E
S31504005D783A888D202E18802117FFBF3004FFFF3084
S31504005D881E0400102E14C02004FFFF1817008018E4
S31504005D9826FC3F10440080003A2800F80E0A8018B2
S31504005DA8CC074029260800283A88C5183A88851059
S31504005DB83A888D201700C0303AD844193A984411C5
S31504005DC81EF4BF1806EB3F003A88C5183A888510B2
S31504005DD83A888D2006E73F003A8805003A2800F8F5
S31504005DE81713C02004FBFFDE1503C0DC150280DC94
S31504005DF81504C0DF3A882528150140DC150000DCA7
S31504005E083A88272004048001040140012617001853
S31504005E18440040013A8885943A98A22C3A88851019
S31504005E283A88C7101700001C3A884D8C3A888D3179
S31504005E383A88099804058031261200801700808064
S31504005E481500801815040080150300803A8805801B
S31504005E581704C0DF1703C0DC170280DC170140DC17
S31504005E68170000DC0405C0DE3A2800F88024074041
S31504005E783A8807103A882100151380981EE43F10C3
S31504005E8806F23F008024074026F03F103A88211086
S31504005E98150180141502401406EA3F0004F5FFDED6
S31504005EA81505C0DC4400C004150200DC3A88212824
S31504005EB83A880B981509C0DD150880DD150740DDFD
S31504005EC8150600DD150480DC150340DC150AC0DF61
S31504005ED83A8823303A882D38170BC0DD80DE054012
S31504005EE83A8825103400A000C4FFBF103A70888889
S31504005EF83AD52A2034048000C4FFBF103A70868835
S31504005F083A0029A83A880B801501C0D804050094DC
S31504005F181E0200A03404C0181501C0D8262700287C
S31504005F283A8809D8150040D9009005403A880D10DA
S31504005F38263500101701C0D8040880003AC8851110
S31504005F48170000D93A9886183AB006191505C0906C
S31504005F581701C0D83AD886191501C0D83A000B18C3
S31504005F68840080003AC84B111501C080150440917D
S31504005F781E1A00A03A88453544F3BE10440DC000E5
S31504005F88150080B03AC887191500C0B83A88059034
S31504005F98170AC0DF1709C0DD170880DD170740DDBB
S31504005FA8170600DD1705C0DC170480DC170340DC80
S31504005FB8170200DC040BC0DE3A2800F8040100D9F5
S31504005FC80090054004088011170180D81504C09470
S31504005FD83A880B981505809026E63FA03A88452905
S31504005FE83A8885103A88051417FF3F1184F3FE3062
S31504005FF87A9120281500C0B0008905403AC8A180C6
S31504006008150000BC06E13F00170080D815058090EE
S315040060181701C0D806D13F0004FBFFDE150000DCDB
S315040060283A882128150280DC3A880B303A882520DC
S315040060383A880980150140DC1504C0DF1503C0DC65
S315040060483A882330409C054026420010165000101A
S315040060583A882700170140813A88099080DE05406E
S315040060683A881910170480821704808804058081E9
S315040060783A8887523A8885103A88C7183A88851024
S315040060880405008A1503C0643A88DB303A889740C9
S315040060980405C0613A88130017000031170040410F
S315040060A804010042CCFFBF20CCFFFF283AC8C51024
S315040060B83A8845123AD408203AD40A283AD407101A
S315040060C80D0080383AC849213A88C9208D0000391C
S315040060D8040180310401C0393AD4132036EEFF4254
S315040060E82E0C40331700803004018031CCFFFF109A
S315040060F83A88471A3AD404103AD409180D00C03815
S315040061083A8805118D0080383AD413100401C03931
S3150400611836F47F3317FFBF3804FFFF381E04001018
S3150400612804FFFF1817008018C4FFBF5226FC3F104F
S315040061383A880560150480621704C0DF1703C0DCBB
S31504006148170280DC170140DC170000DC0405C0DEFA
S315040061583A2800F83A8809903A880B0080DE054008
S315040061683A88191044008000150480603A8805604E
S31504006178150500601704C0DF1703C0DC170280DCAE
S31504006188170140DC170000DC0405C0DE3A2800F8D5
S315040061983A880D884400C0043A8823803A88213016
S315040061A806AC3F0004F9FFDE17048028150000DC5E
S315040061B87AD121301702C02844008010150140DC2A
S315040061C83A88A380150540DD150400DD150280DC38
S315040061D81506C0DF3A8825281503C0DC3A88293015
S315040061E83A882B20170140290E03401C3A88C71801
S315040061F84400402916FD7F1C3A8809A880DE05401C
S315040062083A882710040540110E0900043A8805281F
S315040062183A8807004400C0181500001004018010CD
S315040062281EFCFF803A8805843A8885103A888B28AC
S315040062381704809004050091CC0780A13A8885103C
S315040062483A8885103A888F20261E00300408800074
S315040062583AC891113A880700170080203A988411A1
S315040062683AB08418150080281700C02004010021BC
S31504006278040140293AD8061A36F7FF211500C02822
S31504006288260100184400408CC4FFBF881504809872
S315040062983A8809A83A880B90808605403A88059872
S315040062A81706C0DF170540DD170400DD1703C0DC39
S315040062B8170280DC170140DC170000DC0407C0DE87
S315040062C83A2800F8170080200401002115008028C8
S315040062D8040140292EECFF21170080200401002127
S315040062E8150080280401402936F6FF2106E63F00FA
S315040062F804F0FFDE150880DC150740DC1704802C43
S31504006308170440341509C0DC150600DC150FC0DF78
S31504006318150E00DF150DC0DD150C80DD150B40DDEF
S31504006328150A00DD3A8821283A8827300E04409455
S315040063383A8825881704402C3A8827283A88213031
S31504006348170280803A8847941504C0D817014081FB
S315040063580E01C0104400402980DE0540150580D88A
S31504006368170400D91705C0D83A8805213A88851034
S31504006378040500193A888520150380D82E0580203F
S315040063883A8805201703C0D81500001004018010A8
S3150400639836FCFF103A88458C3A8887940405C09DD4
S315040063A83A888510040500843A88C7183A8885B857
S315040063B8150000DC150280D83A88F9802E4380B887
S315040063C8150100D9170000B9CCFF3F25261A00A0ED
S315040063D81700C0DC170180DC3A882B001700409CA4
S315040063E8170000943A8809A0CCFF7F89C05B09404E
S315040063F83AD40A88CCFFFF803A88C7A83A8809A005
S315040064083A88E3103AD42080C05B09403AD4068817
S315040064183A8805140401C09C3A8887188D00C090F0
S315040064280D0040943AD42A180401809436EB3F9F11
S3150400643815004095170000B93AD42A20261C00A84E
S31504006448170100D9170000DD3A882D001700C0246B
S315040064583A8825203A882398170000A43A8809A878
S31504006468040100A5CCFF7F81C05B09403AD40688A5
S315040064783AD40A800D00C0943A88C7B03A88E11025
S315040064888D0000943A8809A804018094C05B0940E9
S31504006498170040943AD42080CCFFFF883A88C51068
S315040064A83A88A7803AD42C9836EB3FA71500C094AF
S315040064B8170280D80401C0BD2E0480B81701C0D8BD
S315040064C80401C0181501C0D806BE3F00170400D938
S315040064D80E0C00011703C0D817FFBF1804FFFF18D6
S315040064E82603001006070000170080181E05001072
S315040064F8170400D904FFFF18C4FF3F21150400D967
S315040065081EF93F20170480D81705C0D8150480182B
S315040065183A880518170FC0DF170E00DF170DC0DD00
S31504006528170C80DD170B40DD170A00DD1709C0DCE0
S31504006538170880DC170740DC170600DC0410C0DEE9
S315040065483A2800F804FDFFDE150000DC44000004C8
S31504006558150180DC3A8825283A880B801502C0DFA5
S3150400656880DE054015040014150580141702C0DFE3
S31504006578170180DC170000DC0403C0DE3A2800F8A3
S3150400658804F6FFDE150680DD1704802D150800DFE6
S315040065981507C0DD150540DD150400DD1503C0DC4F
S315040065A8150280DC1509C0DF150140DC150000DC86
S315040065B83A882F283A8839203A882B303A88293855
S315040065C80405802C3A882700170040943A880BA8BB
S315040065D84400C09CCCFF3F89C05B09403AD4088874
S315040065E83A8821153A880BA8C05B09403AD4088032
S315040065F8CCFF3F843A8805113A9406103AD42810F9
S315040066083A88071C1500C0900401809416EEBF9DB5
S31504006618260800A0170280B80E1380B03A8885B5FC
S315040066283A8885103A88C5154400C0B01505001582
S315040066381504C0B83A8805B81709C0DF170800DF7B
S315040066481707C0DD170680DD170540DD170400DDD2
S315040066581703C0DC170280DC170140DC170000DCD6
S31504006668040AC0DE3A2800F8170140B93A8809E056
S315040066784400402980DE0540170480B9040340B964
S31504006688040300113A888D313A888D310402803129
S315040066983A882310006505403A880BB83A8809E019
S315040066A8808605403A882F8806DC3F0004FAFFDE18
S315040066B8CC008030150400DD1503C0DC150000DCB1
S315040066C81505C0DF150280DC150140DC3A88213047
S315040066D83A8827203A8829281E2B0010BAD0258004
S315040066E8261B00901712009C1E0800800630000026
S315040066F83A880B803A880D803A88099826140090BF
S3150400670817008080261B00103A8821104C008090C0
S315040067183A0005107AD025903A880D803A88099867
S315040067283A880BA01EF23F10802F06403A880BA029
S315040067383A8809983A882310808605403A88298831
S315040067483A880B803A880D803A8809981EEC3F905F
S315040067583A8805A01705C0DF170400DD1703C0DC57
S31504006768170280DC170140DC170000DC0406C0DED3
S315040067783A2800F8802F0640150080803A882110B0
S315040067881500001006E13F003A8885107400C10020
S315040067980483ED183A8885103A88C51017FFBF1187
S315040067A83A880F00805806403A88291006CB3F00DD
S315040067B83A880998449C4001C054064015128098AA
S315040067C83A8821101500001006D03F0004F9FFDEB0
S315040067D81503C0DC150280DC3A8827283A88252068
S315040067E84402400104020039150400DD150140DCA9
S315040067F81506C0DF150540DD150000DC3A88293882
S315040068083A882330C04E09404400C0000E3580182B
S315040068183A880B003A88C7184400402916FDBF1861
S315040068283A88099080DE05403A881110170780D8FF
S315040068384400C00044028001150580401504C04088
S315040068480E2640343A8821303A88AB993A88059C12
S315040068580700C0113A880B403A88099004F4FF39B6
S315040068688402800180580640440000843A88111046
S315040068781EF63F8C3A8845AC04FE7F113A880D888B
S315040068880E0C00353AC885A13A8821283A88A328E7
S315040068980700C0813A880B403A88099004F4FF3906
S315040068A88402800180580640440000843A88111006
S315040068B81EF77F843A8805401706C0DF170540DDB2
S315040068C8170400DD1703C0DC170280DC170140DC5F
S315040068D8170000DC0407C0DE3A2800F88402409951
S315040068E806E73F003A880B0006CD3F0004F4FFDEB6
S315040068F8150880DD150480DC150340DC150BC0DFA4
S31504006908150A00DF1509C0DD150740DD150600DD8B
S315040069181505C0DC150200DC3A8825283A88233098
S315040069283A882D2026C9002880080A4004FE3F9488
S31504006938C402C08884058000170100822E1BC0107B
S3150400694804FEBF003A708E183A883938161A003889
S31504006958361940E404FF3F013A7026411626C099C9
S315040069683A882B803A882998040200843A880FA822
S315040069783AC80DA7C403800036C1801117018038B0
S315040069883A8849A54C0080103AB084A0150180388D
S315040069981701C0205400C0181501C0203A8809B050
S315040069A8C0080A403A882380060600000404C00189
S315040069B83A8839382EE77FE4040380003A882300AE
S315040069C8150080B03A880588170BC0DF170A00DF60
S315040069D81709C0DD170880DD170740DD170600DD37
S315040069E81705C0DC170480DC170340DC170200DC3B
S315040069F8040CC0DE3A2800F87400810004D5AE10F1
S31504006A08170240123A88CD843A882B8026B9403238
S31504006A181701403184FFBF003A7084283A888511EB
S31504006A281701C0104C00C0183A00071826A300180E
S31504006A383A7008293A8829990EA3C0A14C008040C7
S31504006A481E550010170080803AC8AF801701C0B8D9
S31504006A5804FFBF003A708418262E003026B9403247
S31504006A683A88A9983A880925150000D9162AC02112
S31504006A78170380301702C0300409400104FFBF9988
S31504006A88150380181502C010170300B9170280B839
S31504006A983A882BB8040200BC15028020150300119D
S31504006AA836E48029C40480003A8809903A8811801B
S31504006AB82E0F801117008090040400BA0402009176
S31504006AC8150280B81701C090C40680001503C0B823
S31504006AD82E0780111702C090040600BA0404009118
S31504006AE81504C0B817038090150580B826E7403109
S31504006AF817008020170000DD3A880FB8150080407B
S31504006B081701C0201501C0401702802015028040D5
S31504006B1806973F003A88A998161FC0A11703C0B85C
S31504006B28170280B804FFBF99040940013A882BB8B4
S31504006B38150280181503C010040200BC36C3802948
S31504006B48C40480003A8809903A8811802E0F80116F
S31504006B5817008090040400BA04020091150280B854
S31504006B681701C090C40680001503C0B82E0780110B
S31504006B781702C090040600BA040400911504C0B8AC
S31504006B8817038090150580B826C740311700802062
S31504006B983A880FB806D93F003A880B883A8809B06C
S31504006BA8C0E204403A882310262500101701808085
S31504006BB884FFFF0004FE3F893A70C4103A88858032
S31504006BC82695802004FFBF990409C00136458039FB
S31504006BD8C40480003A8809903A880B882E0F8011DD
S31504006BE817008090040240890402009115008088E9
S31504006BF81701C090C40680001501C0882E078011AD
S31504006C081702C09004044089040400911502C08840
S31504006C1817038090150380882691C03117008020B9
S31504006C28150080281701C0201501C02817028020E6
S31504006C38150280283A880B903A8809B0402A0440FD
S31504006C483A8809B0C0080A40065E3F003A880B3005
S31504006C58170BC0DF170A00DF1709C0DD170880DD28
S31504006C68170740DD170600DD1705C0DC170480DCAE
S31504006C78170340DC170200DC040CC0DEC1E2044042
S31504006C88170180383A884BE5540000314C008010CF
S31504006C983AB0041715018038150100293A8887295E
S31504006CA817018018040240293A8809B05400801054
S31504006CB815018018402A044006383F003A880D001A
S31504006CC83A880900065D3F001702C0301703803072
S31504006CD83A880F80040200841502C0101503801830
S31504006CE806233F003A8809883A880B90006F0540C6
S31504006CF806D03F00170180300404C0E03A7008113A
S31504006D083A880599164DFF103AC805173A880B872D
S31504006D1854008010150180281701C0807400810072
S31504006D2804D5AE103A8809B04C00C0183AB0C6E08B
S31504006D38150240111501C080C0080A4004024084A7
S31504006D4806203F003A88A9983A880925040480E071
S31504006D58150100D91670BF201703C0B8170280B8EA
S31504006D6804FFBF9904094001150280181503C010D1
S31504006D78040240BC36418029C40480003A8809903C
S31504006D883A880F882E0F8011170080900404C0B922
S31504006D9804020091150280B81701C090C406800049
S31504006DA81503C0B82E0780111702C0900406C0B98F
S31504006DB8040400911504C0B817038090150580B81B
S31504006DC82640403117008020150080381701C0205E
S31504006DD81501C03817028020150280381701C0D85B
S31504006DE83A880BBF3A8809B03AC8051F5400801080
S31504006DF8150180281701C0B87400810004D5AE10A7
S31504006E08150240114C00C0183AB0C6E01501C0B8C6
S31504006E18C0080A4006EB3E001701802004FFFF0065
S31504006E283A880F803A70C4103A88A99804020084F4
S31504006E3806CF3E003A880B903A880980006F0540D1
S31504006E48170000DD3A880FB806C93E003A880B9049
S31504006E583A880980006F05403A880FB806C43E0090
S31504006E681704C09004064089040600911504C088D6
S31504006E78170580901505808806683F003A880B90A8
S31504006E883A880988006F054006D43F001704C09065
S31504006E9804060091040800BA1506C0B817058090C0
S31504006EA8150780B806123F001704C090040600911F
S31504006EB8040800BA1506C0B817058090150780B8E7
S31504006EC806323F001704C090040600910408C0B9AE
S31504006ED81506C0B817058090150780B806B93F008F
S31504006EE83A880D203AC809013AB08821FAD7082009
S31504006EF83400A000C4FFBF103A7044113AB0882089
S31504006F0834FC9F003AC805113AC887003AB0C41041
S31504006F18FAD704104400C0003AC885183A2800F87D
S31504006F283A880D203AC809013AB08821FAD70820C8
S31504006F383400A000C4FFBF103A7044113AB0882048
S31504006F4834FC9F003AC80511FAD704103A2800F809
S31504006F5804FDFFDE150000DC7400010404063B840E
S31504006F68150140DC150000803A8823203A88092850
S31504006F781502C0DFC0200A403A880710C4FFBF00C4
S31504006F88260680183A8805181702C0DF170140DC60
S31504006F98170000DC0403C0DE3A2800F817008080D6
S31504006FA826F83F10150080883A8805181702C0DFAE
S31504006FB8170140DC170000DC0403C0DE3A2800F899
S31504006FC88F0340290131074004FEFFDE150000DC6B
S31504006FD83A8821288F0340291501C0DF80580740C5
S31504006FE83A880710C4FFBF00260980180B0380805F
S31504006FF81514C080140084100D0380803A8805187F
S315040070081701C0DF170000DC0402C0DE3A2800F8C6
S315040070180B038080CCFFBB100D0380803A880518CB
S315040070281701C0DF170000DC0402C0DE3A2800F8A6
S315040070380B03802804FBFFDE1503C0DC0C4080101C
S31504007048150280DC150140DC150000DC3A8827307F
S315040070583A8825381504C0DF3A8821283A880D006D
S315040070688400C0013A882320260200108F03402991
S31504007078805807400B0380808F0340813A8809882B
S31504007088CCFFBB103A880D983A880F900D03808080
S315040070981704C0DF1703C0DC170280DC170140DCC5
S315040070A8170000DC0405C0DE011D074004FEFFDEF0
S315040070B8150000DC3A8821288F0340291501C0DF12
S315040070C8006007403A8807101608001017148080D5
S315040070D83A88C510151480803A8805181701C0DF48
S315040070E8170000DC0402C0DE3A2800F80B0380808F
S315040070F8CCFFBB100D0380803A8805181701C0DF42
S31504007108170000DC0402C0DE3A2800F83AB044212D
S31504007118CC0080101E1D00103A880F201700802806
S31504007128170000213A880D281E168020F4BF3F0256
S31504007138C4BF3F423A8807227420600104206029AC
S315040071483A7046193A3004013A70C4101E1C0010ED
S315040071583A8813403A881128060100001E180018B8
S315040071680401C03917000039040180311700403181
S315040071783A8845223A7004123A3006013A7086185B
S3150400718826F67F213A8809383A880B300700C0204A
S315040071981E05001806060000440000210700C0204A
S315040071A844004029260200180700802826FABF183A
S315040071B80300C020030080283AC885183A2800F836
S315040071C83A8805003A2800F804FDFFDE150000DCBD
S315040071D87400010404063B84150140DC1500008094
S315040071E83A8823203A8809283A880B303A880D3891
S315040071F81502C0DFC0250A403A880710C4FFBF003D
S31504007208260680183A8805181702C0DF170140DCDD
S31504007218170000DC0403C0DE3A2800F81700808053
S3150400722826F83F10150080883A8805181702C0DF2B
S31504007238170140DC170000DC0403C0DE3A2800F816
S3150400724804FEFFDE150040DC3A8823203A88092824
S315040072583A880B301501C0DFC05B09403A880B1029
S315040072683A880988C0E204403A8823100409C00110
S31504007278260D001017FFFF103A88091004FFBF00F7
S315040072883A7086183A8887183A880D183A880B008F
S315040072983617C038C40480003608C010150200200A
S315040072A815000020150100203A8805881701C0DF5B
S315040072B8170040DC0402C0DE3A2800F8C406800041
S315040072C81500008815010088040200892EF3FF10B2
S315040072D81502008815030088040400891EEFFF19A7
S315040072E804060089150400881505008806EB3F0086
S315040072F8007D05403A8805881701C0DF170040DC81
S315040073080402C0DE3A2800F804FDFFDE150000DC9E
S315040073187400010404063B84150140DC1500008052
S315040073283A8823203A8809281502C0DFC0CA0940CA
S315040073383A880710C4FFBF00260680183A8805183D
S315040073481702C0DF170140DC170000DC0403C0DEA7
S315040073583A2800F81700808026F83F101500808820
S315040073683A8805181702C0DF170140DC170000DC4D
S315040073780403C0DE3A2800F804FCFFDE150140DCED
S31504007388150000DC1503C0DF150280DC3A882128C5
S315040073983A88232026290028C0ED034026020088BF
S315040073A8170E8088262D00100F03808026220010D1
S315040073B83A8809883A880B8040C503403A882510DC
S315040073C8170B808026040010170740813A8809881D
S315040073D83AE83E10162A00100B0380800C20801011
S315040073E81E230010170C40812605002804108080EF
S315040073F8260280283A880988402A0440150C008009
S3150400740817114081260300283A880988402A04402F
S31504007418151100800D03008000EE03403A8805909C
S315040074281703C0DF170280DC170140DC170000DCF5
S315040074380404C0DE3A2800F800EE03403A88250022
S315040074483A8805901703C0DF170280DC170140DC71
S31504007458170000DC0404C0DE3A2800F83A880988D4
S31504007468C0EE03400F0380801ED13F1006F23F0092
S31504007478170440813A880988402A044006D93F00FF
S31504007488C4FFBF0406D43F00740081000459B41035
S315040074983A880B20170000110138074004FDFFDE67
S315040074A8150000DC7400010404063B84150140DC65
S315040074B8150000803A8823203A8809283A880B3030
S315040074C81502C0DF40D909403A880710C4FFBF0037
S315040074D8260680183A8805181702C0DF170140DC0B
S315040074E8170000DC0403C0DE3A2800F81700808081
S315040074F826F83F10150080883A8805181702C0DF59
S31504007508170140DC170000DC0403C0DE3A2800F843
S3150400751804FDFFDE150000DC7400010404063B8448
S31504007528150140DC150000803A8823203A8809288A
S315040075381502C0DF80E209403A880710C4FFBF007D
S31504007548260680183A8805181702C0DF170140DC9A
S31504007558170000DC0403C0DE3A2800F81700808010
S3150400756826F83F10150080883A8805181702C0DFE8
S31504007578170140DC170000DC0403C0DE3A2800F8D3
S3150400758804FDFFDE150000DC7400010404063B84D8
S31504007598150140DC150000803A8823203A8809281A
S315040075A83A880B303A880D381502C0DF40F809408E
S315040075B83A880710C4FFBF00260680183A880518BB
S315040075C81702C0DF170140DC170000DC0403C0DE25
S315040075D83A2800F81700808026F83F10150080889E
S315040075E83A8805181702C0DF170140DC170000DCCB
S315040075F80403C0DE3A2800F804FDFFDE150000DCAB
S315040076087400010404063B84150140DC150000805F
S315040076183A8823203A8809283A880B303A880D385C
S315040076281502C0DF00090A403A880710C4FFBF00E4
S31504007638260680183A8805181702C0DF170140DCA9
S31504007648170000DC0403C0DE3A2800F8170080801F
S3150400765826F83F10150080883A8805181702C0DFF7
S31504007668170140DC170000DC0403C0DE3A2800F8E2
S3150400767804F1FFDE3A8815003A8805203A88113065
S31504007688150D00DF150A40DD1508C0DC150EC0DF30
S31504007698150CC0DD150B80DD150900DD150780DC2A
S315040076A8150640DC150500DC150380DA3A88274000
S315040076B83A8839103A882B28150480DA1E4000388F
S315040076C83665002A26B50040D4FFBF0036ADC0147F
S315040076D8C43F8000365EC1143A880B003A88050018
S315040076E83AD8849874000101048B2D21040880017A
S315040076F83A8805110300C0103A88C7283AC8E93001
S315040077081E0A01A03AD42E983AC8EBACCCFFBF9D0A
S31504007718440000053A8809A83A880BB8C05A0940B3
S315040077283A880B103A8809B03A882110C05B094098
S315040077383A8809A83A880BB83A882310405B094066
S315040077483A9404103AD406E03AB0C4102E0440140D
S315040077583A88C514C4FF3F843601C014365C411404
S315040077683AC863143A8809883A880BB8C05A094053
S315040077783A880B103A8809B03A882B10C05B09403E
S315040077883A8809883A880BB83A882510405B094034
S315040077983A940410CCFFFFE03AB0C4102E048014C7
S315040077A83A888598C4FF7FAD3601C014363C8114E7
S315040077B83A9404803A8809A03AB084A806150000C9
S315040077C83A880D38366CC029D4FFBF003664C01118
S315040077D8C43F80003618C1113A880B003A88050060
S315040077E83AD8843074000101048B2D210408C001A1
S315040077F83A8805110300C0103A88C7283AC8ED38F4
S315040078081E7300B036014035365BC0E44400800080
S315040078183A880900150380D8170340D93A880720FF
S31504007828150400D93A880528170EC0DF170D00DF9E
S31504007838170CC0DD170B80DD170A40DD170900DDBC
S315040078481708C0DC170780DC170640DC170500DCC0
S31504007858040FC0DE3A2800F8D4FFBF0036560012DB
S31504007868C43F8000360001123A880B003A880500A6
S315040078783AD8849874000101048B2D2104088001E8
S315040078883A8805110300C0103A88C7283AC8CB308D
S31504007898260600283AC845313AD884E03A9846A9D3
S315040078A83A9878E13A9866993AB0AA183AD42E984A
S315040078B83A8809A8CCFFBF9C3A880BB8C05A094035
S315040078C83A880B103A8809903A882110C05B094017
S315040078D83A8809A83A880BB83A882310405B0940C5
S315040078E83A9404103AD406E03AB0C4102E0440146C
S315040078F83A88C514C4FF3F843601C01436EA4014D6
S315040079083AC863143A8809883A880BB8C05A0940B1
S315040079183A880B103A8809903A882B10C05B0940BC
S315040079283A8809883A880BB83A882510405B094092
S315040079383A940410CCFFFFE03AB0C4102E04801425
S315040079483A888598C4FF7FAD3601C01436D98014A9
S315040079583A9404803A8809003AB084A806AD3F00F0
S3150400796834408000C4FFBF1036B6C0110404400179
S315040079783A880528069A3F003A8805003A88090095
S3150400798806A43F0034408000C4FFBF1036B3C014B9
S31504007998040440013A88052806513F0044000001C2
S315040079A83A880B00C05A09403A882710D4FFBF000A
S315040079B836F4FF1406463F0034408000C4FFBF1067
S315040079C836AC0012040440013A88052806A83F008C
S315040079D83AC8853D3A9888353AD886983AD8A2A8B6
S315040079E83AD884E03AB0EE203AD424B83A9886AD28
S315040079F83A8809883A880B903AB086181501C0D88F
S31504007A08CCFF3FBCC05A09403A880B103A88098013
S31504007A183A882910C05B09403A880B903A88098845
S31504007A283A882B10405B0940170140D93A94041050
S31504007A383A98A69D3AD406283AB0C4102E0340159F
S31504007A483A88C515C4FF3FA52E91C0153AC86315D3
S31504007A583A8809883A880B90C05A09403A880B1024
S31504007A683A8809803A882B10C05B09403A88098805
S31504007A783A880B903A882110405B0940170180DA4E
S31504007A883A940410CCFFFF503AB0C6102E03001CDB
S31504007A983A88C71DC4FF7FAD2E79C01D3A9404A049
S31504007AA83AD42E98CCFFFF9C3AB0A4A8CCFF7F9476
S31504007AB83AD42A903A8809883A880B983AC8211CF5
S31504007AC8C05B09403A8809883A880BB83A8829106D
S31504007AD8C05B09403A880B983A8809A83A88231063
S31504007AE8C05B09403A8809A83A880BB83A8827102F
S31504007AF8C05B09403A8809103AD404A03A88E38C52
S31504007B083A8847142E02C01C740080003A888920DB
S31504007B183AD404183A88852036448080263E8080E4
S31504007B283A8805903A880900063A3F003A98269D0D
S31504007B383AC805353AD8A2A83AD42E983AD884E051
S31504007B483A9806AD3A8809883A880BB83AB086183E
S31504007B581500C0D8CCFFBF9DC05A09403A880B10FF
S31504007B683A8809B0150280D8C05B09403A88098862
S31504007B783A880BB83A882B10405B0940170000D99D
S31504007B883A9404103AD406203AB0C4102E05401587
S31504007B98170240D93A88C514C4FF7F29150240D96B
S31504007BA82E46C0143AC863153A8809883A880BB829
S31504007BB8C05A09403A880B103A8809B03A88251001
S31504007BC8C05B09403A8809883A880BB83A88211074
S31504007BD8405B0940170080DA3A940410CCFFFF5042
S31504007BE83AB0C6102E06001C3A88C71CC4FFBF94B8
S31504007BF83603C01C2E02001CC4FFBF943A88C71C57
S31504007C08170200D93A9838E53AC82B1C3A94042046
S31504007C183AB0A89006BF3E003A9404183A9888E504
S31504007C28CCFFFFA03A88C5102EBDBF20C4FFBF9065
S31504007C383A88090006F73E00040240013A880528F6
S31504007C4806E73E00040640013A88052806E43E0095
S31504007C58040240013A88052806A13E0004064001AC
S31504007C683A880528069E3E00040240013A880528FB
S31504007C7806FF3E00040640013A88052806FC3E0035
S31504007C882E863F1C3A88C71DC4FF7FAD06833F0076
S31504007C982E6E7F15C4FF3FA53A88C515066B3F00AF
S31504007CA8C4FF7FAD06C23E00C4FF3F843A88C514AC
S31504007CB806133F00C4FF7FAD06253F002EB97F1586
S31504007CC8C4FF7F293A88C514150240D906B53F0072
S31504007CD8C4FF3F843A88C51406A13E0004F0FFDEBB
S31504007CE83A8811303A880D00150B40DD1509C0DCB9
S31504007CF8150600DC150FC0DF150E00DF150DC0DDF7
S31504007D08150C80DD150A00DD150880DC150740DC36
S31504007D183A881728150480D93A882740150580D942
S31504007D283A8821203A882B281E2C00383656002AF1
S31504007D38269A0040D4FFBF003692C014C43F800080
S31504007D48365CC1143A880B003A8805003AD88498F8
S31504007D5874000101048B2D21040880013A88051159
S31504007D680300C0103A88C7283AC8E5301EA4009014
S31504007D783AD42E983AC8EBACCCFF3F9D3A882D00EE
S31504007D883A8809A83A880BB8C05A09403A880B10A9
S31504007D983A8809A0C05B09403A8809A83A880BB80A
S31504007DA83A882310405B09403A9404103AD4068072
S31504007DB83AB0C4102E0340143A88C5143601C014C8
S31504007DC8365841143AC863143A8809883A880BB86D
S31504007DD8C05A09403A8809A0065300003A880D3863
S31504007DE82E13C029150400D9150540D9170440D9FE
S31504007DF83A8813583A8811283A8805403A88074831
S31504007E08170FC0DF170E00DF170DC0DD170C80DD56
S31504007E18170B40DD170A00DD1709C0DC170880DCDC
S31504007E28170740DC170600DC0410C0DE3A2800F801
S31504007E38D4FFBF003666C011C43F80003620C11186
S31504007E483A880B003A8805003AD884307400010150
S31504007E58048B2D210408C0013A8805110300C010BB
S31504007E683A88C7283AC8E5381E940090365E4035E5
S31504007E782E5DC0843A8811803A8813A8150400DC5C
S31504007E88150540DD06DC3F00D4FFBF00364A001264
S31504007E98C43F8000360D01123A880B003A88050063
S31504007EA83AD8849874000101048B2D2104088001B2
S31504007EB83A8805110300C0103A88C7283AC8C7305B
S31504007EC81EDC00183A882D003AD42E983A8809A858
S31504007ED8CCFFBF9C3A880BB8C05A09403A880B10A5
S31504007EE83A880990C05B09403A8809A83A880BB8C9
S31504007EF83A882310405B09403A9404103AD4068021
S31504007F083AB0C4102E0340143A88C5143601C01476
S31504007F18360241143AC863143A8809883A880BB871
S31504007F28C05A09403A8809903A880B10C05B094040
S31504007F383A8809883A880BB83A882B10405B094076
S31504007F483A940410CCFFFF803AB0C4102E044015AE
S31504007F583A88C5143602C0142E0140153A88C51449
S31504007F683AC845153AD884153A881300150480D8B2
S31504007F781704C0D83A880500150580D83A88111818
S31504007F88069D3F0034408000C4FFBF1036C6C014A7
S31504007F98040440013A880528066C3F0044000001A1
S31504007FA83A880B00C05A09403A882710D4FFBF0004
S31504007FB836F4FF1406613F0034408000C4FFBF1046
S31504007FC836C50012040440013A88052806B43F0061
S31504007FD834408000C4FFBF1036C2C01104044001F7
S31504007FE83A88052806983F003AC8C9843A80058124
S31504007FF83AC887A93AC8AB183A882120069D3F0093
S315040080083A98A69C3AC885343AD8A2A83AD42E985F
S315040080183A9886AC3AD884803A8809883A880BB85C
S315040080283AB0B818CCFF3F9DC05A09403A880B109D
S315040080383A8809A0C05B09403A8809883A880BB887
S315040080483A882B10405B09403A9404103AD406E067
S315040080583A882D903AB0C4102E0240153A88C514B1
S315040080682EABC0143AC863153A8809883A880BB8FF
S31504008078C05A09403A880B103A8809A0C05B0940DF
S315040080883A8809883A880BB83A882B10405B094025
S315040080983A940410CCFFFFE03AB0C4102E044015FD
S315040080A83A88C5143602C0142E0140153A88C514F8
S315040080B83A98A0843AC86B1506313F003AC88F3CF3
S315040080C83A9886343AD8C4993AD8E2A93A988CACFC
S315040080D83AB0AC183AD42EB03AD8C4813A8809884A
S315040080E83A880BB83AB08C301503C0D9150280D932
S315040080F8CCFF3FB5C05A09403A880B103A8809A004
S315040081083A883910C05B09403A8809883A880BB816
S315040081183A882B10405B0940170200D93A94041098
S315040081283A98A69C3AD406203A98A0841500C0DC4E
S315040081383AB0C410150100DC2E0340153A8885159B
S31504008148C4FF3FE72E6E80153AC863153A88098836
S315040081583A880BB8C05A09403A880B103A8809A0DD
S315040081683A882110C05B09403A880BB83A880988CE
S315040081783A882910405B0940170240D93A940410FA
S31504008188CCFFFF283AB0C4102E0300153A8885158B
S31504008198C4FF3F842E568015170080D93A9422E0EE
S315040081A83AD42E303AB06284CCFFFF343AD42A88C3
S315040081B8CCFF7F8C3A8809883A880B983AC82115E7
S315040081C8C05B09403A8809883A880BB83A88291066
S315040081D8C05B09403A880B983A8809A83A8823105C
S315040081E8C05B09403A8809A83A880BB83A88271028
S315040081F8C05B09403A880B103AD404A03A88E38C49
S315040082083A8849142E02C024740080003A888B28C0
S315040082183AD404203A940820CCFFFFA03A888D2843
S315040082283A88C920360B8081264080813AC88D81D8
S31504008238060F00003AC8C5303A882D183AD8848003
S315040082483A98C6A83A98A69D3A98A0853AB0AA1824
S31504008258061D3F001700C0D83AC8C5203A808920B1
S315040082683AC887353AC807193AC8CD803A880910F2
S31504008278170140D93AC805293A8087283AC8C73029
S31504008288170380D93AD884143A9888193AD8861C98
S315040082983AB088203A8811203A881318150400D968
S315040082A81505C0D806D43E00040640013A880528B8
S315040082B806A63E00040240013A88052806A33E00A5
S315040082C8040240013A88052806DF3E0004024001FC
S315040082D83A88052806F23E00040640013A8805282D
S315040082E806EF3E00040640013A88052806D63E00F5
S315040082F82EA93F15C4FF3F843A88851506A63F0074
S315040083082E917F15C4FF3FE73A888515068E3F00F0
S315040083182E547F153A88C51406523F003A88C51468
S3150400832806FC3E003A88C51406A63E00170180D806
S3150400833836C83F113A880D0006CD3F0004F8FFDE23
S315040083481503C0DC3A882720170000214400C00022
S31504008358150540DD150400DD1507C0DD150680DDAD
S31504008368150280DC150140DC150000DC3A882B2850
S315040083783A8829302E630019170080282E81801820
S315040083880401C00026DCC020267EC0108400C0007C
S315040083982667C010267BC0201702C09D1702C02876
S315040083A81703409C1703C02B3AC8CDB81704809C02
S315040083B81704002C3A88093016970030C40F800039
S315040083C8166B80110EA4000104F8BF3516BC00B064
S315040083D83AD896853A8819003A8813004400000169
S315040083E83A88150016BE00B03A9890253A880F00C8
S315040083F8C4FFBF003A8889383A888B403A80CD2131
S315040084083A884B313A7004793A7046813AB0C410C6
S3150400841826020010440040023A8815003AB05E5A13
S315040084283AB0A06217014099170180A8266E8028E1
S31504008438266600283AC8457C3A8089783AC88784EB
S315040084483AC809193A880D103A880F201677003861
S315040084581502C0A51504C0A1150100A0150380A125
S31504008468170300A2170440A2C4FFBF003A888B4032
S315040084783A80092A3A888D483400C401C4FFFF3972
S315040084883A888D21361780392665C031170200A32C
S315040084983A880942C4FFBF003A800F223A884B4AF9
S315040084A83A884F393A8895203A8897383A800D5150
S315040084B83A8899603A88D73234008400C4FFBF10DA
S315040084C83A8811203A881338150300A11504C0A167
S315040084D8150200A33603C0121EEDBF5884FFBF0061
S315040084E82EEBBF12170480A2C40080003400C80013
S315040084F8C4FFFF18170340A2150080A03623801A6C
S315040085083A8827A03A8805981707C0DD170680DD3C
S31504008518170540DD170400DD1703C0DC170280DCED
S31504008528170140DC170000DC0408C0DE3A2800F80E
S315040085381EF4FF20150000311701809815018030BC
S315040085481702C0981502C0301703809815038030A7
S315040085581704C0981504C030170180981701C0285D
S315040085683A8827303A70C4101501803006E53F0072
S315040085781626C01D3A8823003A882F183A882500FB
S3150400858806A83F003A8827A806DE3F004400800173
S31504008598FA9704507AD008483AD88A51170200A2A2
S315040085A83AB008113A8807003A7084493AB08C20E0
S315040085B83AB0CE28440000423A8827A01504C0A140
S315040085C8150200A2150380A106CE3F003AC8C58B42
S315040085D83A8089883AC807943AC809193A880D101E
S315040085E83A880F2006993F003A88457C3A80C91391
S315040085F83A8887843A88C920150140A11502C0A57E
S31504008608150380A0150400A106B63F003A881F008A
S315040086183A88210006833F003AC88D0106673F0061
S3150400862884FFBF0036AF7F1106983F003A880500DD
S315040086383AC889113A8005113AC8CB013AC885283F
S3150400864844008001150180A11502C0A5150300A1E7
S31504008658150480A006823F0026723F2004F8BF3521
S315040086683A88AFB9163100B03AD89A953A881D00B7
S315040086783A880F00440000013A881100162500B014
S315040086883A9894253A881300C4FFBF003A88894863
S315040086983A888B503A804D223A884B313A7004898D
S315040086A83A7046913AB0C410260200104400C0013C
S315040086B83A8811003AB0E2693AB0247206593F0082
S315040086C83A880784C40780003AC885113A988618F8
S315040086D83AD896793AD898813AB0D61A063E3F00DF
S315040086E87AD00620C40780003AC885113AD890186B
S315040086F83A988E21063E3F001E823F111701C02874
S3150400870817018098267FFF107400C1040486ED9C27
S31504008718067C3F007AD00620C40780003AC8851133
S315040087283AD894183A98922106D73F003A888794FB
S31504008738C40780003AC885113A9886183AD89A899F
S315040087483AD89C913AB05A1B06C93F0004EAFFDEA0
S315040087581514C0DC0404C0DC3A8811203A881328AE
S31504008768151340DC3A8809D83A880B98040940DC82
S315040087781515C0DF150140DA1503C0D9150000DA4E
S31504008788150280D9C0AA0940040200D93A880B8880
S31504008798C0AA0940170A80D83A880B883A880998E3
S315040087A8040E80D95C008010150A80D8403408402D
S315040087B83A880910807909401715C0DF1714C0DCF8
S315040087C8171340DC0416C0DE3A2800F804EAFFDE74
S315040087D81514C0DC0404C0DC3A8811203A8813282E
S315040087E8151340DC3A8809D83A880B98040940DC02
S315040087F81515C0DF150140DA1503C0D9150000DACE
S31504008808150280D9C0AA0940040200D93A880B88FF
S31504008818C0AA0940040E80D93A8809983A880B8870
S31504008828403408403A880910807909401715C0DF92
S315040088381714C0DC171340DC0416C0DE3A2800F807
S3150400884804E0FFDE151840DC040440DC3A881120F5
S315040088583A881328151700DC3A8809D83A880B8809
S31504008868040900DC151FC0DF150140DA1503C0D959
S31504008878150000DA150280D9151EC0DD151D80DD28
S31504008888151C40DD151B00DD151AC0DC151980DC26
S31504008898C0AA0940040200D93A880B80C0AA094034
S315040088A8170400D9440080002E1000111709C0D8F7
S315040088B82E06C01004018000260A802026CC8018C3
S315040088C884008000260980201E198018170AC0D83B
S315040088D8170580D83A8809803AC0C410150A80D882
S315040088E8060700008400800026C38018170580D870
S315040088F8170AC0D83A8809883AC0C410150580D81A
S3150400890880790940171FC0DF171EC0DD171D80DDDB
S31504008918171C40DD171B00DD171AC0DC171980DC8D
S31504008928171840DC171700DC0420C0DE3A2800F8C4
S31504008938170780DD170C80DC3A882B003A88230059
S315040089483A880BA83A880DB03A880F881708C0DD0C
S31504008958170DC0DC3A880990405F09403A881B0025
S315040089683A880F683A8809B03A880B003A880D980D
S315040089783A882DB83A882F00151640DB151380D887
S315040089881514C0D81515C0DC405F09403A880DB0E7
S315040089983A880B003A8809903A880FB83A88211021
S315040089A83A882318405F09403A8885803A800D142E
S315040089B83A88C7883A88CD303A8829103A882B30BD
S315040089C8171380DA1714C0DA171500DB171640DBFD
S315040089D82E6140343A8809003A8805513A808D1246
S315040089E83A88075D3A88CD303A8821004400400425
S315040089F83A8825103A8827303662C032267A805952
S31504008A083A880B683A880FB83A8809603A880DB0EC
S31504008A18405F09403A8809103A880F003A88451594
S31504008A283A8011113A88C7193A88C7403A88CB88D8
S31504008A381706C0D83A888980170B80D80401C0184D
S31504008A483A800D243A88C7103A881320170A80D822
S31504008A58170500D93A884D313A8815303AC0882026
S31504008A6834008800C4FFBF10150F00D91510C0D8EC
S31504008A782E1680113A8811183A881F10FA97049806
S31504008A887AD01690FA9706507AD00C487AD00E50B7
S31504008A983AB0D612440080003AB08C193A70884825
S31504008AA87AD018983A881B003400A0033A88133001
S31504008AB83A8815383A889140260200203AB0645B11
S31504008AC83AB0A66336EDBF7A151000DA340084008E
S31504008AD8C4FFBF1036148012171000DA3A881F1024
S31504008AE83A88454A3A804D123A8887523A88979482
S31504008AF83A808F5C3A88D99C440000013A88CD3084
S31504008B083A880F3BC4FF3F423A8813103A88153017
S31504008B183AB01A11163000983A8825583A882738F0
S31504008B282EEFBF7A151000DAC43F80003A708E48DB
S31504008B38042080003A8807003A88110026188038ED
S31504008B48C4008000040E00D9151280DA150E80D8E8
S31504008B58151140DA066A3F00262180893A880900F9
S31504008B683A8805513A808D123A88075D3A88CD309D
S31504008B783A8821003A8823003A8825103A8827300B
S31504008B882E9EFF32440080003A8889803A800D245C
S31504008B983A884D343A8821203A88233006983F008B
S31504008BA81EE73F40044000013A7004493AB0C41035
S31504008BB81EE33F103AB0C49426E13F103A88C549EB
S31504008BC83A8051123A88914204C03F013A70121110
S31504008BD83A88154006DA3F003A88136806CE3F00FD
S31504008BE8367C3F1406DD3F002E85BF1206E53F009E
S31504008BF8840080001E35BF207400010104862D21DF
S31504008C08063F3F0004EDFFDE1511C0DC0404C0DC9A
S31504008C183A8811203A881328150E00DC3A8809D8B0
S31504008C283A880B98040900DC1512C0DF150140DAEE
S31504008C381503C0D9150000DA150280D9151080DC91
S31504008C48150F40DCC0AA0940040200D93A880B80F3
S31504008C58C0AA0940170400D9440080002E0B00114D
S31504008C68170940D92E764011170580D8170AC0D897
S31504008C78040180013AF0C410150580D82602802123
S31504008C88840080001E148020260900293A88099841
S31504008C98807909401712C0DF1711C0DC171080DC71
S31504008CA8170F40DC170E00DC0413C0DE3A2800F860
S31504008CB87400010104862D21807909401712C0DF4A
S31504008CC81711C0DC171080DC170F40DC170E00DC08
S31504008CD80413C0DE3A2800F8265B8029262D80284E
S31504008CE81706C0D8170B80D81708C0D9170D40DC4B
S31504008CF83AC88B18170780D9170C00DC150640D913
S31504008D083638403C2636C0893A8815003A881D000C
S31504008D183400C4023A881F003A883F00440F80048E
S31504008D28060F00003A881D603A881F683A880D4085
S31504008D383A880F103A8891317AD008583A80854192
S31504008D483A88D3393AB0C6283A8845123A88151863
S31504008D583A8817203A880D403A880F10261780FC5F
S31504008D68FA970A587AD006504400C0FF36F17F3C79
S31504008D783AC811343A8005323AC8533C3AB0987224
S31504008D883AB0DA7A3AC885481EE6FF8936E93F34A6
S31504008D9806E43F003A880998150480D98079094081
S31504008DA81712C0DF1711C0DC171080DC170F40DC60
S31504008DB8170E00DC0413C0DE3A2800F8C43F80000E
S31504008DC83A709070042080003A8807003A881300A5
S31504008DD8260D80401508C0DB150780DB06AB3F006F
S31504008DE82EC93F343A8885313A8089113A88C73979
S31504008DF83A88C920C4FF7F293A880D103A880F207B
S31504008E08150640D906C03F001EF23F48044000013B
S31504008E183A7004713AB0C4101EEE3F103AB0C43129
S31504008E2826EC3F103A8805723A8091133A88D14362
S31504008E3804C03F013A701C113A881F4006E53F00FA
S31504008E483A88098006923F003A880998150700D897
S31504008E58150800D8150600D8068D3F0004EFFFDE76
S31504008E68150F40DC040440DC3A8805203A880728B4
S31504008E78150E00DC3A8809D83A880B88040900DC00
S31504008E881501C0D8150080D8150280D91510C0DF81
S31504008E981503C0D9C0AA0940040200D93A880B8030
S31504008EA8C0AA0940170480D84400C0003A880D189F
S31504008EB82E068018170980D83A8809883A880B80BC
S31504008EC82E02801840BE09403A880D103A880530AB
S31504008ED81710C0DF170F40DC170E00DC0411C0DEC4
S31504008EE83A2800F804EFFFDE150F40DC040440DCE2
S31504008EF83A8805203A880728150E00DC3A8809D8E6
S31504008F083A880B88040900DC1501C0D8150080D8F6
S31504008F18150280D91510C0DF1503C0D9C0AA0940A7
S31504008F28040200D93A880B80C0AA0940170480D8DD
S31504008F384400C0003A880D182E068018170980D8F0
S31504008F483A8809883A880B802E02801840BE094060
S31504008F583A880D103A8805301710C0DF170F40DC21
S31504008F68170E00DC0411C0DE3A2800F804EFFFDE11
S31504008F78150F40DC040440DC3A8805203A880728A3
S31504008F88150E00DC3A8809D83A880B88040900DCEF
S31504008F981501C0D8150080D8150280D91510C0DF70
S31504008FA81503C0D9C0AA0940040200D93A880B801F
S31504008FB8C0AA0940170480D84400C000C4FFBF01F2
S31504008FC82E068018170980D83A8809883A880B80AB
S31504008FD82E02801840BE09403A880D103A8805309A
S31504008FE81710C0DF170F40DC170E00DC0411C0DEB3
S31504008FF83A2800F804EFFFDE150F40DC040440DCD1
S315040090083A8805203A880728150E00DC3A8809D8D4
S315040090183A880B88040900DC1501C0D8150080D8E5
S31504009028150280D91510C0DF1503C0D9C0AA094096
S31504009038040200D93A880B80C0AA0940170480D8CC
S315040090484400C000C4FFBF012E068018170980D843
S315040090583A8809883A880B802E02801840BE09404F
S315040090683A880D103A8805301710C0DF170F40DC10
S31504009078170E00DC0411C0DE3A2800F804EFFFDE00
S31504009088150F40DC040440DC3A8805203A88072892
S31504009098150E00DC3A8809D83A880B88040900DCDE
S315040090A81501C0D8150080D8150280D91510C0DF5F
S315040090B81503C0D9C0AA0940040200D93A880B800E
S315040090C8C0AA0940170480D84400C0003A880D187D
S315040090D82E068018170980D83A8809883A880B809A
S315040090E82E02801840BE09403A880D103A88053089
S315040090F81710C0DF170F40DC170E00DC0411C0DEA2
S315040091083A2800F8FAD7062004F6FFDEC4008000E1
S315040091181509C0DF1508C0DC150780DC150640DC18
S31504009128150500DC150080D81501C0D81E0F0020CF
S3150400913884008000150080D83A8809D880790940C7
S315040091483A8809103A880B183A8805203A88072875
S315040091581709C0DF1708C0DC170780DC170640DCD0
S31504009168170500DC040AC0DE3A2800F8040F80005C
S315040091783A000718150280D8261100183A882700DD
S315040091883A882520150300D91504C0DC80710940E6
S31504009198440700110EE83F0144FFBF10160C0010E7
S315040091A83A98A2903A882100170280D8150440DC20
S315040091B8150300DC3AC80511150280D806DE3F00FF
S315040091C83400A000260A80203AC8090106EB3F00AD
S315040091D87AD00690C40780003AC805113AD886188A
S315040091E83A9822993A9820913AB0621C06EE3F00C2
S315040091F83A8809003478700106D33F0004F8FFDE84
S315040092083A8805203A8807283A8809D8040240D9B2
S315040092181501C0D8150080D81507C0DFC0AA0940B3
S315040092281702C0D8840080001E0580183A880700F3
S315040092383A8805181707C0DF0408C0DE3A2800F87C
S31504009248440080002EF9FF100401800026048018CB
S315040092581704C0D816F53F18840780000E08C010F6
S31504009268170380D81E1200103400E000C4FFFF184C
S315040092783A8805181707C0DF0408C0DE3A2800F83C
S31504009288040F80003AC8D11004F8BF40170580D9E6
S315040092981706C0D9160800103AD88838170380D894
S315040092A83A88072026E23F103AC8070106E03F003D
S315040092B83400E00006DE3F003A88C739C407800058
S315040092C83AC805123A9886183AD808323AB00819AC
S315040092D806F23F0004F2FFDE150DC0DF150CC0DDF3
S315040092E8150B80DD150A40DD150900DD1508C0DCFF
S315040092F8150780DC150640DC150500DC150100D8C9
S315040093081E0F002084008000150080D83A8809D8EA
S3150400931880790940170DC0DF170CC0DD170B80DDF7
S31504009328170A40DD170900DD1708C0DC170780DCBB
S31504009338170640DC170500DC040EC0DE3A2800F8E0
S31504009348C4008000040FC0003A882F003A882D20F4
S31504009358150080D81502C0D8150300D91504C0DD38
S315040093688071094044074012160B004826E73F4817
S3150400937844FFBF10162E00103A98A2B03A8821006E
S31504009388170280D8150440DC150300DC3AC84512D8
S31504009398150280D806DD3F003AC8550204F8BF51C5
S315040093A8161B00303AD8A8B93A882B003A880F0019
S315040093B8440000013A881100162500303A98A6217F
S315040093C83A882500C4FFBF003A8889903A888B9862
S315040093D83A808D243A884B313A7004B13A7046B9CA
S315040093E83AB0C410260200104400C0013A8811009D
S315040093F8170200D93AB0C4A13AB006AA3AC8492213
S315040094081504C0D8150200D9150380D806BF3F0035
S315040094183A88C7BDC40780003AC885123A988618A0
S315040094283AD8A8B23AD8AABA3AB0281D06DF3F00F5
S315040094387AD006B0C40780003AC845123AD88618C6
S315040094483A9862BA3A9860B23AB0621C06CC3F00BF
S315040094587AD00620C40780003AC885123AD8A618D6
S315040094683A98A42206D73F002E1B0029161A00286C
S31504009478440080003A880700C407C00106030000B8
S315040094882613C0194400C018160400283A884B2924
S315040094983A88851036FA3F29260D00103A880700BF
S315040094A8360240213AC849213AB086187AD00410BF
S315040094B87AD00A281EFA3F10260200303A88052078
S315040094C83A2800F83A8809183A8805203A2800F80C
S315040094D83A88070006F83F00440080003A880700E7
S315040094E806EF3F0004FEFFDE150000DC1501C0DFB1
S315040094F83A882100160C00203A880D00160E00281A
S31504009508004709403A8807103A0005801E010010F2
S315040095183AC8C7003A8805181701C0DF170000DCE7
S315040095280402C0DE3A2800F83AC8090144000004D7
S315040095383A880D000EF23F283AC84B013A002180BA
S3150400954806EF3F0004FFFFDE1500C0DF440080017C
S315040095583A88072816040020160C00281700C0DFCE
S315040095680401C0DE014709403AC80901160B002860
S315040095783A880B1844008001004709403AC8850018
S315040095881700C0DF0401C0DE3A2800F83AC84B01C8
S315040095981700C0DF0401C0DE014709403AC8470185
S315040095A806F33F003A880D0001470940440080014C
S315040095B801470940260A00203A8807004C00802003
S315040095C83A0005107AD008201E0100103A88471977
S315040095D83A884B291EF93F203A8805183A2800F894
S315040095E83A8807003A8805183A2800F804F2FFDE94
S315040095F8150C00DF3AD43830150800DD150540DCB3
S315040096083AD42820CCFF7F24150400DCCCFF3F3451
S315040096181507C0DC150000D93A8827283A8809882E
S31504009628150140D93A880B80150280D9150DC0DF7B
S315040096381503C0D9150A80DD150940DD3A882D3091
S31504009648150BC0DD150680DCC05B09403A8809881D
S315040096583A880BE03A882B10C05B09403A880B809D
S315040096683A8809A03A882310C05B09403A8809A0B9
S315040096783A880BE03A882110C05B0940CCFFFFA862
S315040096883AD42AA83A88238C3A8811103A886BACBB
S315040096983A9404A83A8809B03A880B983A88C710C5
S315040096A83AD412A83A880D182E0200AC7400800029
S315040096B83A8891403A8867423A882D30C05B094017
S315040096C8170340D9170000D93A882310C05B09400C
S315040096D83A88CB143A884B893A8805B03A880728D9
S315040096E8170DC0DF170C00DF170BC0DD170A80DD66
S315040096F8170940DD170800DD1707C0DC170680DCEC
S31504009708170540DC170400DC040EC0DE3A2800F80E
S31504009718D4FFBF00360E0011C43F80000402400186
S315040097283A880700361000113A880B003AD8C62042
S3150400973874008100048BAD103A88871803008018DA
S315040097480408C0003A8885283AC885183A2800F8D3
S315040097580404400134408000C4FFBF103A88072837
S315040097682EF23F11040640013A8807283AD8C62043
S3150400977874008100048BAD103A888718030080189A
S315040097880408C0003A8885283AC885183A2800F893
S315040097981700C02004FDFFDE150000DC150280DC7E
S315040097A8150140DC44008000170300223A881F0094
S315040097B817044022170100242E55C0100401800006
S315040097C8264F801884008000260280183AB0444246
S315040097D81E1A00103A880D003A880F003A881100BC
S315040097E834048000C4FFBF103A881D303A708438A8
S315040097F83A950A402CFCBF793AB08C303404E00020
S31504009808C4FFFF18FA9704803A70C6303AB046196E
S3150400981834006001C4FF7F293A704A193AB08A288D
S315040098283A8807283A880570170280DC170140DC55
S31504009838170000DC0403C0DE3A2800F817020021EA
S315040098488400BF00163F8020C4FF8000162C001138
S31504009858C43F80003A708C40042080003A88070090
S315040098683A880F00C4FF8022261E8030C41F800059
S315040098783A8889403A800D223A884D323A8811202E
S315040098883A88133034008800C4FFBF10360D4012DE
S315040098983A9604483AD20C403AD20E48C4FF3F01DD
S315040098A83AB08C1134044001C4FF7F293A7004315C
S315040098B83A704639CCFF01523A880D103A880F1887
S315040098C806C73F00FA9708487AD004407AD0064873
S315040098D8440080523AB084203A8811103A88131802
S315040098E806EB3F001EE13F38044000013A7004418C
S315040098F83AB0C41026E33F103A88053006DC3F0028
S315040099083A880D003A880F00C4FF010206B43F00E6
S315040099183A8805003402C0003AB08C403AB0CE48C2
S31504009928C4FF3F0134044001C4FF7F293A7004315F
S315040099383A7046393A880D103A880F18C4FF01025E
S3150400994806A73F003AC80911040E80001643001101
S3150400995804F8FF21164500383AD8D8493A881B0036
S315040099683A882300440040013A88250016470038FF
S315040099783A98D6293A881500C4FFBF003A88895010
S315040099883A888B583A808D223A884B313A7004418A
S315040099983A7046493AB0C4102602001044004004FE
S315040099A83A882500C43F80003AB04E643A7092382B
S315040099B8042080003AB0906C3A8815002616804830
S315040099C8C41F00013A8805393A80CD113A880D3208
S315040099D83A880F1034008400C4FFBF103A88113047
S315040099E83A880700361B80113A9604403AD208385A
S315040099F83AD20A403A8813183AB00811C4FFBF008D
S31504009A083404C000C4FFFF183A708C203A70CE287C
S31504009A18CCFF014A06723F001EE93F50044000018C
S31504009A283A7004393A8807003AB0C410260600107A
S31504009A383A88453A3A80CD113A880D323A880F1059
S31504009A483A8811303A88070034008400C4FFBF10EE
S31504009A582EE53F124400C00006E33F003A88090099
S31504009A683A8813003A880B0006E43F003A88474AC6
S31504009A78C40780003AC805113A9886183AD8184196
S31504009A883AD81A493AB0181B06B53F007AD00628C0
S31504009A98C40780003AC805113AD896183A98142982
S31504009AA806B53F001701C020170040223404800081
S31504009AB8C4FFBF103AD50818FAD70C183A70941888
S31504009AC8CCFF01223A881B283A88174815018029B1
S31504009AD83A8819501E1E00403AB0844A26190010C6
S31504009AE83AD604483A920C5084003F013400C40024
S31504009AF8C4FFFF183AB08C11C40080003A920A4891
S31504009B081500806815020069360B80193A880F20FB
S31504009B183A8811183A8845293A8049113A8887318A
S31504009B283A88C9203A880B103A880D20C4FFFF39B1
S31504009B382EF83F411502C06915048069150340696A
S31504009B483A2800F884008000150080283A2800F88E
S31504009B58C4FF8100260F80403AD60C483A92065034
S31504009B683A9204483A8809003AB0C63034004401A7
S31504009B783AB00C1144003F423AB04E19C400800072
S31504009B881504C0691502006A150080681503806902
S31504009B983A2800F83AB0844A1E03001004018000EB
S31504009BA8150080283A2800F83A880900340240014A
S31504009BB83A7004493A7046513AB0C4102605001062
S31504009BC844008000150080681504006B1503C06AFC
S31504009BD83A2800F81500006806FB3F0017008021A4
S31504009BE84400C0002E0A8019170080282E08801801
S31504009BF80401C0002626C0302622C0108400C000F6
S31504009C082605C0301E07C010170180201E09001043
S31504009C18440080003A2800F81E1AC0103A88050045
S31504009C283A2800F8170100221701802826038040E5
S31504009C3826F73F40C4FFBF003A2800F81702C020A1
S31504009C481702802816FAFF10160980181704C0216F
S31504009C581704C028170380211703802836F4FF1930
S31504009C682605C0383602C0381EECFF192EEBBF3065
S31504009C781EE73F4006EF3F002EFABF1126E43F4099
S31504009C8806EC3F00170180281EE13F1006E93F0055
S31504009C981EDDBF111701C028170180203AC8851890
S31504009CA83A2800F804FDFFDE1502C0DF150140DC82
S31504009CB8150000DC3A882120161D00200403400103
S31504009CC8C05B09407400C10004E1EF183A88C91062
S31504009CD8261700201700802017048010262100105C
S31504009CE83AE83E103A8823103A880980401A0A400E
S31504009CF8160200883A880500061D000074008100D3
S31504009D080464B410170080101E0300107400C10008
S31504009D180406FB18060200003AE83E103A880710C3
S31504009D283AC8450415008018C4FFBF000610000091
S31504009D38740081000464B410170080101E03001018
S31504009D487400C1000406FB18060200003AE83E1037
S31504009D583A8807104414800015008018C4FFBF0011
S31504009D68060300003A880980401A0A403A88050022
S31504009D781702C0DF170140DC170000DC0403C0DE4D
S31504009D883A2800F83A8805303A2800F804FEFFDE37
S31504009D981501C0DF150000DC3A88212816100020BA
S31504009DA804034001C05B09407400C10004E1EF18D4
S31504009DB83A88C910260A0020170080201708801040
S31504009DC8260300103A880B803AE83E100610000075
S31504009DD804008800150180803A880500060C0000F6
S31504009DE8740081000464B410170080101E03001068
S31504009DF87400C1000406FB18060200003AE83E1087
S31504009E083A8807104414800015008018C4FFBF0060
S31504009E181701C0DF170000DC0402C0DE3A2800F888
S31504009E2804EFFFDE1510C0DF150F00DC3A88212089
S31504009E381611002004034001C05B09407400C100E8
S31504009E4804E1EF183A88C510260B00101700801095
S31504009E58170880101E020010440080000612000035
S31504009E683A8809803A880BD840D90940170180D81E
S31504009E7820008810060C0000740081000464B410E5
S31504009E88170080101E0300107400C1000406FB1896
S31504009E98060200003AE83E103A8807104414800087
S31504009EA8150080183A8805001710C0DF170F00DC64
S31504009EB80411C0DE3A2800F804FFFFDE1500C0DFEF
S31504009EC874000101046934217400C10004D2ED1838
S31504009ED82609C020740081010469B4312606801954
S31504009EE80401400117008020150080183A88471994
S31504009EF83A8849211EFBFF30340001010408002179
S31504009F083400C1000408C0182609C02034008101A1
S31504009F18045A80312606801904014001170080205E
S31504009F28150080183A8847193A8849211EFBFF30DC
S31504009F387400010104FB2C217400C10004FBEC1815
S31504009F482609C0207400810104D2AD312606801981
S31504009F580401400117008020150080183A88471923
S31504009F683A8849211EFBFF3040A90A4080B00A40BE
S31504009F781700C0DF0401C0DE3A2800F804FDFFDE3E
S31504009F881502C0DF150140DC150000DC3A882128DB
S31504009F983A8823300E020020C4EB3F040610000062
S31504009FA804034001C05B09407400C10004E1EF18D2
S31504009FB83A88C91026170020170080201707801032
S31504009FC81E02001084DE3F04060500003A880B8052
S31504009FD83A880D883AE83E100E1000103A88211087
S31504009FE8740081000464B410170080101E03001066
S31504009FF87400C1000406FB18060200003AE83E1085
S3150400A0083A8807103AC8050415008018C4FFBF002B
S3150400A01806020000C4EB3F0406F13F001702C0DF46
S3150400A028170140DC170000DC0403C0DE3A2800F8F8
S3150400A03804FEFFDE1501C0DF150000DC3A880900BE
S3150400A048003B0A40C0360A407400810104CEAD3193
S3150400A0583A8809303A880B3040CA0A4017AE26D1E6
S3150400A06817AF66D117B0A6D1001E00403A88211052
S3150400A07844000001C0CA09403A88098040170B40C9
S3150400A0883A2800F83A2800F804FDFFDE1502C0DF76
S3150400A098150140DC150000DC3A8821283A8823306B
S3150400A0A8162C002004034001C05B09407400C1005B
S3150400A0B804E1EF183A88C9102626002017028020E2
S3150400A0C8CC0080104400C0002615C010170080205C
S3150400A0D817058010261200103A880B803A880D88D6
S3150400A0E83AE83E103A8821100E26001074008100C2
S3150400A0F80464B410170080101E0300107400C10015
S3150400A1080406FB18060200003AE83E103A880710CF
S3150400A1183AC8050415008018C4FF3F040619000050
S3150400A128740081000464B410170080101E03001024
S3150400A1387400C1000406FB18060200003AE83E1043
S3150400A1483A8807104403800015008018C4FF3F04AA
S3150400A158060C0000740081000464B4101700801013
S3150400A1681E0300107400C1000406FB180602000052
S3150400A1783AE83E103A8807104414800015008018FF
S3150400A188C4FF3F043A8805801702C0DF170140DC84
S3150400A198170000DC0403C0DE3A2800F804FCFFDEDE
S3150400A1A81503C0DF150280DC150140DC150000DC50
S3150400A1B83A882520840080000E0C0011740041049E
S3150400A1C804E16F8C040300043A880B80C05B0940E1
S3150400A1D83A884514150200103A8809903A880B8083
S3150400A1E8C05B09403A884514150000101703C0DF00
S3150400A1F8170280DC170140DC170000DC0404C0DE0B
S3150400A2083A2800F83A300B0084FFBF003A708428D5
S3150400A2183A700110170CA0D0C400801004FFFF0088
S3150400A2283A70C610150CE0D03A88091934808100B2
S3150400A238040080102E0300113A700128C4FFFF00A1
S3150400A24806020000150C20D13A7001283A88051830
S3150400A2583A2800F804FDFFDE1502C0DF150140DCCC
S3150400A268150000DC3A8821283A882330162B00206A
S3150400A27804034001C05B09407400C10004E1EF18FF
S3150400A2883A88C9102625002017028020CC008010A1
S3150400A29826150010170080201706801026120010B5
S3150400A2A83A880B803A880D883AE83E103A88211095
S3150400A2B80E260010740081000464B4101700801080
S3150400A2C81E0300107400C1000406FB1806020000F1
S3150400A2D83AE83E103A8807103AC80504150080186B
S3150400A2E8C4FF3F0406190000740081000464B41016
S3150400A2F8170080101E0300107400C1000406FB1822
S3150400A308060200003AE83E103A8807104403800023
S3150400A31815008018C4FF3F04060C00007400810071
S3150400A3280464B410170080101E0300107400C100E2
S3150400A3380406FB18060200003AE83E103A8807109D
S3150400A3484414800015008018C4FF3F043A88058029
S3150400A3581702C0DF170140DC170000DC0403C0DE67
S3150400A3683A2800F804FEFFDE1501C0DF150000DCFC
S3150400A37874000104044B30843A8809803A880B0037
S3150400A38844018001404F0A4004F63F8174004101AC
S3150400A3980461742980A90A401701C0DF170000DC8C
S3150400A3A80402C0DE3A2800F804FFFFDE1500C0DF09
S3150400A3B800FA0A40440080003A7001101700C0DF12
S3150400A3C80401C0DE3A2800F804FFFFDE1500C0DFEA
S3150400A3D817000021040A0021806A0A401700C0DF1A
S3150400A3E80401C0DE3A2800F804FFFFDE1500C0DFCA
S3150400A3F83A88052017000021040A00211702401193
S3150400A40880460A401700C0DF0401C0DE3A2800F877
S3150400A41804FFFFDE1500C0DF3A8805201700002177
S3150400A428040A00211702C01140880A401700C0DF39
S3150400A4380401C0DE3A2800F804FFFFDE1500C0DF79
S3150400A4483A88052017000021040A00211702C011C2
S3150400A458C0710A401700C0DF0401C0DE3A2800F8BC
S3150400A468170C80210C0050293A000B28060300001B
S3150400A4781E02002844FDBF003A2800F8170D802064
S3150400A488260380111709C0201701802036F8BF1843
S3150400A4983A8805003A2800F8170080200401C010FD
S3150400A4A837008018040041013A704411260500104B
S3150400A4B8170880203AB04411350080181509002081
S3150400A4C8060600001709C0203400A00004FFBF10C8
S3150400A4D83602C010440080181509802074008100D3
S3150400A4E8040BBB10170080103A2800F804FDFFDEA1
S3150400A4F81502C0DF150100DC3A8821204400C0009B
S3150400A5081508C020170080203501C010150000D892
S3150400A5183A8809283A880B3074008101045DA93108
S3150400A5283A880F8040BA0A4015090080040200815F
S3150400A53874008100040BBB101700401174008101DC
S3150400A5480428A9313A880F8000A00A400E03001097
S3150400A5583400A000C4FFBF10150180801702C0DFB5
S3150400A568170100DC0403C0DE3A2800F817000022AD
S3150400A578040180033A889943F4FF7F033700C062D5
S3150400A5880CC08058264500100C408058262100101F
S3150400A598170A802044008010CCFF8110170BC020B6
S3150400A5A82616C0101400A002040E40024400C0017E
S3150400A5B8C4FF8101370040413A70842A260D0010F1
S3150400A5C8170A80203A8805113A8845120500401171
S3150400A5D8170A80203A88C5113A708411150A802012
S3150400A5E8170A80203A88C5113A708411170BC020BF
S3150400A5F81EF0FF103A70442B260600101708802018
S3150400A60884FFFF003A70C410150880203500806066
S3150400A618370080600C80805826D83F103A70445B17
S3150400A6283AD40A1026D53F28170DC020170C8020C7
S3150400A63826118018040E420244008001C4FFC10199
S3150400A648170D80203A8805113A88451207008010AC
S3150400A65835008040170D80203A8885113A70C41158
S3150400A668150D80203AC88B2926C43F28170DC0200B
S3150400A678170C80201EF2BF181708C02044FFBF001D
S3150400A6883A7086181508C020170080203A88851362
S3150400A6983500C0103700806006B83F003A2800F835
S3150400A6A844809A002603802884809A001E178028EE
S3150400A6B8060D00001701C0203400A000C4FFBF1017
S3150400A6C8261280181700803184FFFF3044FFBF101C
S3150400A6D82E02C0103400A00184FFBF311501802169
S3150400A6E83A8805003A2800F81701C0203400A0006B
S3150400A6F8C4FFBF1026058018170980203A80C510A4
S3150400A708150080303A8805003A2800F8C4F9BF00D5
S3150400A7183A2800F804F6FFDE1509C0DF150800DF3D
S3150400A7281507C0DD150680DD150540DD150400DDB9
S3150400A7381503C0DC150280DC150140DC150000DCBD
S3150400A7483A8825203A882F283A8827303A8839388B
S3150400A7580E2280013A882BB8170A8095170B409465
S3150400A768360240B43AC861B4060200000400820006
S3150400A7783AC86114260D00803A882998361D009C2B
S3150400A788040E40913A8809A83A884B2C3A880D80D9
S3150400A798006505403A882BAC3AC8279C3A88458414
S3150400A7A8CCFF8110150B809016EBFF041E1CC0AD60
S3150400A7B80C0090E01E0D0010170A80901E0380B04E
S3150400A7C81709C0901701809036FBBF18170A8090A6
S3150400A7D8260480B00E03C00406DE3F000C00903841
S3150400A7E81E020010C4FEBF000618000044FDBF0088
S3150400A7F806160000040E40913A8809A83A884B893F
S3150400A8083A880D98006505403A88EBAC3A882700E3
S3150400A8183A8845A4CCFF8110150B809006E33F00C7
S3150400A8283A30090084FFBF003A7084203A70011058
S3150400A8381708809054008010150880901700C0905F
S3150400A848350180183A7001203AC8C5AD1709C0DF2A
S3150400A858170800DF1707C0DD170680DD170540DD7A
S3150400A868170400DD1703C0DC170280DC170140DC7F
S3150400A878170000DC040AC0DE3A2800F804F8FFDEF4
S3150400A8881507C0DF150680DD150540DD150400DD56
S3150400A8981503C0DC150280DC150140DC150000DC5C
S3150400A8A83A8821203A882D283A8811303A882B3854
S3150400A8B8160680013A882928062100003AC885A583
S3150400A8C80643000044FDBF00064100003A882928D3
S3150400A8D8170C8084170D40812E0340913AC8852CA5
S3150400A8E8C4FFBF11060600002603002804008200E0
S3150400A8F83AC88D1406020000C4FF81003AC88D14B4
S3150400A908262600303A8827403A8823302E0180418B
S3150400A9183A882340040E02813A8889243A880BA08F
S3150400A9283A880D88006505403A8869A43AC8519C56
S3150400A9383A884594CCFF8110150C808016E43F02B2
S3150400A9483A30090084FFBF003A7084203A70011037
S3150400A9581708808094008010150880801700C0802E
S3150400A968350180183A70012006070000170D80800B
S3150400A9781E0340111709C0801701808036FBBF18D3
S3150400A988170D80801EED7F111ECC3FB50C0090A8D4
S3150400A9981ECC3F10C4FEBF00060D00003A30090065
S3150400A9A884FFBF003A7084203A700110170880802B
S3150400A9B894008010150880801700C080350180181F
S3150400A9C83A7001200C0090A826E83F1006EE3F00D6
S3150400A9D81707C0DF170680DD170540DD170400DDFD
S3150400A9E81703C0DC170280DC170140DC170000DC03
S3150400A9F80408C0DE3A2800F874008100040BBB1072
S3150400AA08170080101E02001084DEBF003A2800F8E2
S3150400AA181E02002084FABF003A2800F81503802194
S3150400AA281505C0213A300F0084FFBF003A708438F8
S3150400AA383A70011074008100040CBB101700C01092
S3150400AA48440080013A8885193A88852815028020A9
S3150400AA582E02C0100504802106010000050400200A
S3150400AA68740081000467B410150180201700C01013
S3150400AA781500C0201700C010150100191500001193
S3150400AA883A7001383A8805003A2800F83A2800F856
S3150400AA9804FFFFDE1500C0DF26020020170280200F
S3150400AAA81E0D0010740081000464B4101700801091
S3150400AAB81E0300107400C1000406FB1806020000F9
S3150400AAC83AE83E103A880710840580001500801875
S3150400AAD884FABF00060700001501402117008028E4
S3150400AAE8150080201700802815010011150000297B
S3150400AAF83A8805001700C0DF0401C0DE3A2800F8CA
S3150400AB083A2800F8FA3005004400C0003A98461975
S3150400AB183A70C4103AC004103A2800F83A300D00C6
S3150400AB2884FFBF003A7084303A7001107400C10083
S3150400AB38040AFB1817000019440080003A984411C7
S3150400AB483AB004111500801817008018FA7001101D
S3150400AB583A7001303A8805003A2800F83A300D0070
S3150400AB6884FFBF003A7084303A7001107400C10043
S3150400AB78040AFB181700001984FFBF003A18441189
S3150400AB883A7004111500801817008018FA7001101D
S3150400AB983A7001303A8805003A2800F804FEFFDEC8
S3150400ABA81501C0DF170280D8150080D840BC0A40BA
S3150400ABB81701C0DF0402C0DE3A2800F804FEFFDEEF
S3150400ABC81501C0DF150000DCC40780000E02401121
S3150400ABD884FABF00060F00003A30210084FFBF0044
S3150400ABE83A7084803A700110FA9004287400C100FF
S3150400ABF80417FB183A88C510150080111501C011F1
S3150400AC082602003040B20A400601000040B60A4057
S3150400AC183A7001801701C0DF170000DC0402C0DEA9
S3150400AC283A2800F804FDFFDE1502C0DF150140DCF2
S3150400AC38150000DC3A8823203A8809283A880B301C
S3150400AC483A880D38C0D30A403A882110160E0010E7
S3150400AC583A88091004034001C05B09407400C10026
S3150400AC6804E1EF183A88C5101700C0101500C0880B
S3150400AC781701C0101501C0881702801015028088B4
S3150400AC883A880980401A0A401702C0DF170140DCD7
S3150400AC98170000DC0403C0DE3A2800F804FAFFDED5
S3150400ACA81505C0DF150400DD1503C0DC150280DCBC
S3150400ACB8150140DC150000DC3A8805203A88272867
S3150400ACC83A8829307400010404E42F84440080047B
S3150400ACD8C47F40043A8809803A880B103A880D9054
S3150400ACE83A880F88C0C20A4004FD3F843A8809801E
S3150400ACF83A880B983A880D003A880F88C0C20A40E9
S3150400AD08040600813A880BA03A880D903A880F8881
S3150400AD18C0C20A401705C0DF170400DD1703C0DCEC
S3150400AD28170280DC170140DC170000DC0406C0DECD
S3150400AD383A2800F804F9FFDE1506C0DF150540DDDC
S3150400AD48150400DD1503C0DC150280DC150140DCA2
S3150400AD58150000DC3A8829203A8827283A882B30B7
S3150400AD68740041010461742980FA0A403A88211062
S3150400AD78260200103A882500060A00003A8809A027
S3150400AD8880010B403A8821101E050010C4FF7F0479
S3150400AD9844FB3F04062D0000C4FC3F04062B0000B8
S3150400ADA8440080043A880980400D0B403A882310F1
S3150400ADB8163500103A88091004034001C05B09409F
S3150400ADC87400010204E12F423A8809123400900003
S3150400ADD8C4FFBF103A7086981502C0203AC0049082
S3150400ADE81E12001034009018150280207400810089
S3150400ADF80463B4101700C011170080213A880B00A9
S3150400AE083A880740440040020403000217008018E9
S3150400AE181E038011170280180E0100101EDE3F194A
S3150400AE283A884B2A3A88071A2EF87F3917038080FE
S3150400AE38261700103A880BA03A880D983A880FA866
S3150400AE483AE83E103A8821100E1100103A8809880B
S3150400AE58401A0A40740081000464B4101700801074
S3150400AE681E0300107400C1000406FB180602000045
S3150400AE783AE83E103A8807103AC8050415008018BF
S3150400AE88C4FF7F04060200003A88211006EF3F003B
S3150400AE983A8805881706C0DF170540DD170400DD64
S3150400AEA81703C0DC170280DC170140DC170000DC3E
S3150400AEB80407C0DE3A2800F83A300B0084FFBF00C6
S3150400AEC83A7084283A7001101700C02017018020B0
S3150400AED815018018170180201500C01015010021DE
S3150400AEE8150000213A7001283A2800F804FDFFDE0F
S3150400AEF81502C0DF150140DC150000DC170E20D44E
S3150400AF0817B3A6D04400801015B3A6D0061B0000BC
S3150400AF1817004084030480802603001017B3A6D0C4
S3150400AF281E0100100504008017B3E6D017028080BE
S3150400AF3836118018030480801E0F001017038080C2
S3150400AF48170500813AE83E103A8807101E030010D8
S3150400AF583A88098000EC0A40060700001702808038
S3150400AF683A8885181502808017B3E6D02E02C010D9
S3150400AF7844008000050480803A882188040EA0D005
S3150400AF881EE3BF801702C0DF170140DC170000DC90
S3150400AF980403C0DE3A2800F8FA7001003A2800F8DB
S3150400AFA804FBFFDE1504C0DF1503C0DC150280DCD4
S3150400AFB8150140DC150000DC3A8827203A88212848
S3150400AFC81700402CC0360040440080142607008C25
S3150400AFD8170200893A880B983A880D90C01A0B40D4
S3150400AFE8260300101700408C1EF97F843A88230034
S3150400AFF83A8805881704C0DF1703C0DC170280DC0B
S3150400B008170140DC170000DC0405C0DE3A2800F806
S3150400B01804F9FFDE1506C0DF150540DD150400DD5D
S3150400B0281503C0DC150280DC150140DC150000DCC4
S3150400B0383A88252074008100045FB4101700401470
S3150400B0483A882B1026168088C4FF3F05C40BC00413
S3150400B0581702008C3A880980C03600403A880710DF
S3150400B0683A8885803A880515070080101E01C014A1
S3150400B0783A88071D3A88851C070080102601C014E3
S3150400B0881E0500103A8809803A880B903A880D18EC
S3150400B098C01A0B40260300101700408C1EEC7F8D47
S3150400B0A83A8823003A8805881706C0DF170540DD65
S3150400B0B8170400DD1703C0DC170280DC170140DC27
S3150400B0C8170000DC0407C0DE3A2800F804FBFFDE9C
S3150400B0D81504C0DF1503C0DC150280DC150140DC4D
S3150400B0E8150000DC3A8825203A8821007400C1003E
S3150400B0F804E1EF187400C1040463F49C1700801873
S3150400B1081E0E00103A88098004034001C05B0940FA
S3150400B1187400C10004E1EF183A88C51015008014BC
S3150400B12817008098160200143A880580060800005D
S3150400B1381500009C3A880580060500004400008432
S3150400B1480403C018040880001EECBF8004FABF007C
S3150400B1581704C0DF1703C0DC170280DC170140DCC4
S3150400B168170000DC0405C0DE3A2800F804FEFFDEFA
S3150400B1783A880B00150000DC1501C0DF3A88212047
S3150400B18840220B4074008100045AB41017000011C1
S3150400B198170F8020260100103AE83E103A880980E5
S3150400B1A8403D0B40C400C0002E0380193AB0442128
S3150400B1B83A70C410260F0010C4FFFF311E06003073
S3150400B1C8060A0000C4FFFF39C4FFBF00440000217B
S3150400B1D844004029260580380300C020030080283F
S3150400B1E826F8BF183AC885183A2800F83A88050098
S3150400B1F83A2800F83A880F181700C0201700802844
S3150400B2081EEDBF1804FFBF310401002104014029C3
S3150400B21836F9BF3906E83F003A2800F87400810079
S3150400B228045AB4101700801004F3FFDE150B00DF70
S3150400B238150180D834008000040080103A000510F7
S3150400B248150280D8170180D8150840DD150700DDDA
S3150400B25804528010150CC0DF150AC0DD150980DDFF
S3150400B2681506C0DC150580DC150440DC150300DC76
S3150400B2783A882B283A883920150080D83A00292894
S3150400B288170180D817524014261000881700C0DD0D
S3150400B298170180880422808CC4FF3F141609008095
S3150400B2A8C4FFBF051E1500A03A8809843A880521FB
S3150400B2B83A8885141720C0102611C0A8C4FF3F84F5
S3150400B2C81EF8BF85170280D826310010170CC0DF78
S3150400B2D8170B00DF170AC0DD170980DD170840DDE4
S3150400B2E8170700DD1706C0DC170580DC170440DCE9
S3150400B2F8170300DC040DC0DE3A2800F83A880984EE
S3150400B3081701C0883A8805213A884514C4FFFF18EE
S3150400B318170280112615001C1502001026E73F3077
S3150400B3284400C0003A98061C174080901701C08C48
S3150400B3383A70841826140010174180903A708418BD
S3150400B3481E0C00103A8805213A8885141700401106
S3150400B3583A8809E03AE83E30170180881EC8BF9843
S3150400B368170080B826D57F1406C53F001501008C42
S3150400B37806EA3F003A8805213A8885141700001121
S3150400B3883AE83E3006F43F003AE83E3006F23F001B
S3150400B398170180881E080010170000892607002058
S3150400B3A8150000B93A88098800000000170040BC57
S3150400B3B81EB73F8806C53F00170000893A882F88BC
S3150400B3C83A8823201EB23F8806C03F002602002082
S3150400B3D870F02A0006010000B0F02A0006FF3F00BC
S3090400B3E820B2000481
S3150400B3EC546573742048414C2050574D2041766166
S3150400B3FC6C6F6E0050574D2042415345203D203012
S3150400B40C78253038580A00004176616E6365000071
S3150400B41C0A0000003031323334353637383961623C
S3150400B42C6364656600000000494E4600696E66005A
S3150400B43C4E414E006E616E00286E756C6C290000D0
S3150400B44C3031323334353637383941424344454644
S3150400B45C0000000062756720696E2076667072695A
S3150400B46C6E74663A20626164206261736500000042
S3150400B47C30003030303030303030303030303030E6
S3150400B48C3030202020202020202020202020202086
S3150400B49C20200000496E66696E697479000000000C
S3150400B4AC4E614E00430000002E00000049534F2D00
S3150400B4BC383835392D310000B4B400045CB40004BA
S3150400B4CC5CB400045CB400045CB400045CB4000416
S3150400B4DC5CB400045CB400045CB400045CB4000406
S3150400B4EC7F7F7F7F7F7F7F7F000000000000F03F1F
S3150400B4FC0000000000002440000000000000594039
S3150400B50C0000000000408F40000000000088C3408B
S3150400B51C00000000006AF8400000000080842E4100
S3150400B52C00000000D01263410000000084D797414C
S3150400B53C0000000065CDCD41000000205FA0024252
S3150400B54C000000E876483742000000A2941A6D42C7
S3150400B55C000040E59C30A2420000901EC4BCD642BA
S3150400B56C00003426F56B0C430080E03779C3414365
S3150400B57C00A0D8855734764300C84E676DC1AB43DB
S3150400B58C003D9160E458E143408CB5781DAF1544F9
S3150400B59C50EFE2D6E41A4B4492D54D06CFF08044D4
S3150400B5ACF64AE1C7022DB544B49DD9794378EA44E9
S3150400B5BC0080E03779C34143176E05B5B5B8934699
S3150400B5CCF5F93FE9034F384D321D30F94877825A65
S3150400B5DC3CBF737FDD4F1575BC89D897B2D29C3CA2
S3150400B5EC33A7A8D523F649393DA7F444FD0FA53254
S3150400B5FC9D978CCF08BA5B25436FAC642806C80AA2
S3150400B60C05000000190000007D0000000000000089
S3150400B61C0000000000000000000000000000000014
S3150400B62C00010202030303030404040404040404D3
S3150400B63C05050505050505050505050505050505A4
S3150400B64C0606060606060606060606060606060684
S3150400B65C0606060606060606060606060606060674
S3150400B66C0707070707070707070707070707070754
S3150400B67C0707070707070707070707070707070744
S3150400B68C0707070707070707070707070707070734
S3150400B69C0707070707070707070707070707070724
S3150400B6AC0808080808080808080808080808080804
S3150400B6BC08080808080808080808080808080808F4
S3150400B6CC08080808080808080808080808080808E4
S3150400B6DC08080808080808080808080808080808D4
S3150400B6EC08080808080808080808080808080808C4
S3150400B6FC08080808080808080808080808080808B4
S3150400B70C08080808080808080808080808080808A3
S3150400B71C0808080808080808080808080808080893
S3150400B72C2F6465762F6E756C6C0000002F6465763D
S3110400B73C2F6A7461675F75617274000007
S3150400D1A40000000034BA000490BA0004ECBA000487
S3150400D1B40000000000000000000000000000000061
S3150400D1C40000000000000000000000000000000051
S3150400D1D400000000B0B400040000000000000000D9
S3150400D1E40000000000000000000000000000000031
S3150400D1F40000000000000000000000000000000021
S3150400D2040000000000000000000000000000000010
S3150400D2140000000000000000000000000000000000
S3150400D22400000000000000000000000000000000F0
S3150400D23400000000000000000000000000000000E0
S3150400D2440000000001000000000000000E33CDAB16
S3150400D25434126DE6ECDE05000B000000000000004D
S3150400D26400000000000000000000000000000000B0
S3150400D27400000000000000000000000000000000A0
S3150400D2840000000000000000000000000000000090
S3150400D2940000000000000000000000000000000080
S3150400D2A40000000000000000000000000000000070
S3150400D2B40000000000000000000000000000000060
S3150400D2C40000000000000000000000000000000050
S3150400D2D40000000000000000000000000000000040
S3150400D2E40000000000000000000000000000000030
S3150400D2F40000000000000000000000000000000020
S3150400D304000000000000000000000000000000000F
S3150400D31400000000000000000000000000000000FF
S3150400D32400000000000000000000000000000000EF
S3150400D33400000000000000000000000000000000DF
S3150400D34400000000000000000000000000000000CF
S3150400D35400000000000000000000000000000000BF
S3150400D36400000000000000000000000000000000AF
S3150400D374000000000000000000000000000000009F
S3150400D384000000000000000000000000000000008F
S3150400D394000000000000000000000000000000007F
S3150400D3A4000000000000000000000000000000006F
S3150400D3B4000000000000000000000000000000005F
S3150400D3C4000000000000000000000000000000004F
S3150400D3D4000000000000000000000000000000003F
S3150400D3E4000000000000000000000000000000002F
S3150400D3F4000000000000000000000000000000001F
S3150400D404000000000000000000000000000000000E
S3150400D41400000000000000000000000000000000FE
S3150400D42400000000000000000000000000000000EE
S3150400D43400000000000000000000000000000000DE
S3150400D44400000000000000000000000000000000CE
S3150400D45400000000000000000000000000000000BE
S3150400D46400000000000000000000000000000000AE
S3150400D474000000000000000000000000000000009E
S3150400D484000000000000000000000000000000008E
S3150400D494000000000000000000000000000000007E
S3150400D4A4000000000000000000000000000000006E
S3150400D4B4000000000000000000000000000000005E
S3150400D4C4000000000000000000000000000000004E
S3150400D4D4000000000000000000000000000000003E
S3150400D4E4000000000000000000000000000000002E
S3150400D4F4000000000000000000000000000000001E
S3150400D504000000000000000000000000000000000D
S3150400D51400000000000000000000000000000000FD
S3150400D52400000000000000000000000000000000ED
S3150400D53400000000000000000000000000000000DD
S3150400D54400000000000000000000000000000000CD
S3150400D55400000000000000000000000000000000BD
S3150400D56400000000000000000000000000000000AD
S3150400D574000000000000000000000000000000009D
S3150400D584000000000000000000000000000000008D
S3150400D594000000000000000000000000000000007D
S3150400D5A4430000000000000000000000000000002A
S3150400D5B40000000054BB000454BB00045CBB00041C
S3150400D5C45CBB000464BB000464BB00046CBB0004C1
S3150400D5D46CBB000474BB000474BB00047CBB000471
S3150400D5E47CBB000484BB000484BB00048CBB000421
S3150400D5F48CBB000494BB000494BB00049CBB0004D1
S3150400D6049CBB0004A4BB0004A4BB0004ACBB000480
S3150400D614ACBB0004B4BB0004B4BB0004BCBB000430
S3150400D624BCBB0004C4BB0004C4BB0004CCBB0004E0
S3150400D634CCBB0004D4BB0004D4BB0004DCBB000490
S3150400D644DCBB0004E4BB0004E4BB0004ECBB000440
S3150400D654ECBB0004F4BB0004F4BB0004FCBB0004F0
S3150400D664FCBB000404BC000404BC00040CBC00049D
S3150400D6740CBC000414BC000414BC00041CBC00044C
S3150400D6841CBC000424BC000424BC00042CBC0004FC
S3150400D6942CBC000434BC000434BC00043CBC0004AC
S3150400D6A43CBC000444BC000444BC00044CBC00045C
S3150400D6B44CBC000454BC000454BC00045CBC00040C
S3150400D6C45CBC000464BC000464BC00046CBC0004BC
S3150400D6D46CBC000474BC000474BC00047CBC00046C
S3150400D6E47CBC000484BC000484BC00048CBC00041C
S3150400D6F48CBC000494BC000494BC00049CBC0004CC
S3150400D7049CBC0004A4BC0004A4BC0004ACBC00047B
S3150400D714ACBC0004B4BC0004B4BC0004BCBC00042B
S3150400D724BCBC0004C4BC0004C4BC0004CCBC0004DB
S3150400D734CCBC0004D4BC0004D4BC0004DCBC00048B
S3150400D744DCBC0004E4BC0004E4BC0004ECBC00043B
S3150400D754ECBC0004F4BC0004F4BC0004FCBC0004EB
S3150400D764FCBC000404BD000404BD00040CBD000498
S3150400D7740CBD000414BD000414BD00041CBD000447
S3150400D7841CBD000424BD000424BD00042CBD0004F7
S3150400D7942CBD000434BD000434BD00043CBD0004A7
S3150400D7A43CBD000444BD000444BD00044CBD000457
S3150400D7B44CBD000454BD000454BD00045CBD000407
S3150400D7C45CBD000464BD000464BD00046CBD0004B7
S3150400D7D46CBD000474BD000474BD00047CBD000467
S3150400D7E47CBD000484BD000484BD00048CBD000417
S3150400D7F48CBD000494BD000494BD00049CBD0004C7
S3150400D8049CBD0004A4BD0004A4BD0004ACBD000476
S3150400D814ACBD0004B4BD0004B4BD0004BCBD000426
S3150400D824BCBD0004C4BD0004C4BD0004CCBD0004D6
S3150400D834CCBD0004D4BD0004D4BD0004DCBD000486
S3150400D844DCBD0004E4BD0004E4BD0004ECBD000436
S3150400D854ECBD0004F4BD0004F4BD0004FCBD0004E6
S3150400D864FCBD000404BE000404BE00040CBE000493
S3150400D8740CBE000414BE000414BE00041CBE000442
S3150400D8841CBE000424BE000424BE00042CBE0004F2
S3150400D8942CBE000434BE000434BE00043CBE0004A2
S3150400D8A43CBE000444BE000444BE00044CBE000452
S3150400D8B44CBE000454BE000454BE00045CBE000402
S3150400D8C45CBE000464BE000464BE00046CBE0004B2
S3150400D8D46CBE000474BE000474BE00047CBE000462
S3150400D8E47CBE000484BE000484BE00048CBE000412
S3150400D8F48CBE000494BE000494BE00049CBE0004C2
S3150400D9049CBE0004A4BE0004A4BE0004ACBE000471
S3150400D914ACBE0004B4BE0004B4BE0004BCBE000421
S3150400D924BCBE0004C4BE0004C4BE0004CCBE0004D1
S3150400D934CCBE0004D4BE0004D4BE0004DCBE000481
S3150400D944DCBE0004E4BE0004E4BE0004ECBE000431
S3150400D954ECBE0004F4BE0004F4BE0004FCBE0004E1
S3150400D964FCBE000404BF000404BF00040CBF00048E
S3150400D9740CBF000414BF000414BF00041CBF00043D
S3150400D9841CBF000424BF000424BF00042CBF0004ED
S3150400D9942CBF000434BF000434BF00043CBF00049D
S3150400D9A43CBF000444BF000444BF00044CBF00044D
S3150400D9B44CBF000484D1000484D100042CB70004B1
S3150400D9C40000000000000000000000008C9D00041C
S3150400D9D40000000000000000000000005CBF00041A
S3150400D9E400000000000000005CBF0004000000000A
S3150400D9F4000000005CBF00040000000000000000FA
S3150400DA040000000000000000000000000000000008
S3150400DA1400000000000000000000000000000000F8
S3150400DA2400000000000000000000000000000000E8
S3150400DA3400000000000000000000000000000000D8
S3150400DA4400000000000000000000000000000000C8
S3150400DA5400000000000000000000000000000000B8
S3150400DA6400000000000000000000000000000000A8
S3150400DA740000000000000000000000000000000098
S3150400DA840000000000000000000000000000000088
S3150400DA940000000000000000000000000000000078
S3150400DAA40000000000000000000000000000000068
S3150400DAB40000000000000000000000000000000058
S3150400DAC40000000000000000000000000000000048
S3150400DAD40000000000000000000000000000000038
S3150400DAE40000000000000000000000000000000028
S3150400DAF40000000000000000000000000000000018
S3150400DB040000000000000000000000000000000007
S3150400DB1400000000000000000000000000000000F7
S3150400DB2400000000000000000000000000000000E7
S3150400DB3400000000000000000000000000000000D7
S3150400DB4400000000000000000000000000000000C7
S3150400DB5400000000000000000000000000000000B7
S3150400DB640000000038B7000400000000F0A300041D
S3150400DB7440A4000418A400040000000000000000EF
S3150400DB84D0A30004203000000A00000000000000B6
S3150400DB940000000000000000000000000000000077
S3150400DBA40000000000000000000000000000000067
S3150400DBB40000000000000000000000000000000057
S3150400DBC40000000000000000000000000000000047
S3150400DBD40000000000000000000000000000000037
S3150400DBE40000000000000000000000000000000027
S3150400DBF40000000000000000000000000000000017
S3150400DC040000000000000000000000000000000006
S3150400DC1400000000000000000000000000000000F6
S3150400DC2400000000000000000000000000000000E6
S3150400DC3400000000000000000000000000000000D6
S3150400DC4400000000000000000000000000000000C6
S3150400DC5400000000000000000000000000000000B6
S3150400DC6400000000000000000000000000000000A6
S3150400DC740000000000000000000000000000000096
S3150400DC840000000000000000000000000000000086
S3150400DC940000000000000000000000000000000076
S3150400DCA40000000000000000000000000000000066
S3150400DCB40000000000000000000000000000000056
S3150400DCC40000000000000000000000000000000046
S3150400DCD40000000000000000000000000000000036
S3150400DCE40000000000000000000000000000000026
S3150400DCF40000000000000000000000000000000016
S3150400DD040000000000000000000000000000000005
S3150400DD1400000000000000000000000000000000F5
S3150400DD2400000000000000000000000000000000E5
S3150400DD3400000000000000000000000000000000D5
S3150400DD4400000000000000000000000000000000C5
S3150400DD5400000000000000000000000000000000B5
S3150400DD6400000000000000000000000000000000A5
S3150400DD740000000000000000000000000000000095
S3150400DD840000000000000000000000000000000085
S3150400DD940000000000000000000000000000000075
S3150400DDA40000000000000000000000000000000065
S3150400DDB40000000000000000000000000000000055
S3150400DDC40000000000000000000000000000000045
S3150400DDD40000000000000000000000000000000035
S3150400DDE40000000000000000000000000000000025
S3150400DDF40000000000000000000000000000000015
S3150400DE040000000000000000000000000000000004
S3150400DE1400000000000000000000000000000000F4
S3150400DE2400000000000000000000000000000000E4
S3150400DE3400000000000000000000000000000000D4
S3150400DE4400000000000000000000000000000000C4
S3150400DE5400000000000000000000000000000000B4
S3150400DE6400000000000000000000000000000000A4
S3150400DE740000000000000000000000000000000094
S3150400DE840000000000000000000000000000000084
S3150400DE940000000000000000000000000000000074
S3150400DEA40000000000000000000000000000000064
S3150400DEB40000000000000000000000000000000054
S3150400DEC40000000000000000000000000000000044
S3150400DED40000000000000000000000000000000034
S3150400DEE40000000000000000000000000000000024
S3150400DEF40000000000000000000000000000000014
S3150400DF040000000000000000000000000000000003
S3150400DF1400000000000000000000000000000000F3
S3150400DF2400000000000000000000000000000000E3
S3150400DF3400000000000000000000000000000000D3
S3150400DF4400000000000000000000000000000000C3
S3150400DF5400000000000000000000000000000000B3
S3150400DF6400000000000000000000000000000000A3
S3150400DF740000000000000000000000000000000093
S3150400DF840000000000000000000000000000000083
S3150400DF940000000000000000000000000000000073
S3150400DFA40000000000000000000000000000000063
S3150400DFB40000000000000000000000000000000053
S3150400DFC40000000000000000000000000000000043
S3150400DFD40000000000000000000000000000000033
S3150400DFE40000000000000000000000000000000023
S3150400DFF40000000000000000000000000000000013
S3150400E0040000000000000000000000000000000002
S3150400E01400000000000000000000000000000000F2
S3150400E02400000000000000000000000000000000E2
S3150400E03400000000000000000000000000000000D2
S3150400E04400000000000000000000000000000000C2
S3150400E05400000000000000000000000000000000B2
S3150400E06400000000000000000000000000000000A2
S3150400E0740000000000000000000000000000000092
S3150400E0840000000000000000000000000000000082
S3150400E0940000000000000000000000000000000072
S3150400E0A40000000000000000000000000000000062
S3150400E0B40000000000000000000000000000000052
S3150400E0C40000000000000000000000000000000042
S3150400E0D40000000000000000000000000000000032
S3150400E0E40000000000000000000000000000000022
S3150400E0F40000000000000000000000000000000012
S3150400E1040000000000000000000000000000000001
S3150400E11400000000000000000000000000000000F1
S3150400E12400000000000000000000000000000000E1
S3150400E13400000000000000000000000000000000D1
S3150400E14400000000000000000000000000000000C1
S3150400E15400000000000000000000000000000000B1
S3150400E16400000000000000000000000000000000A1
S3150400E1740000000000000000000000000000000091
S3150400E1840000000000000000000000000000000081
S3150400E1940000000000000000000000000000000071
S3150400E1A40000000000000000000000000000000061
S3150400E1B40000000000000000000000000000000051
S3150400E1C40000000000000000000000000000000041
S3150400E1D40000000000000000000000000000000031
S3150400E1E40000000000000000000000000000000021
S3150400E1F40000000000000000000000000000000011
S3150400E2040000000000000000000000000000000000
S3150400E21400000000000000000000000000000000F0
S3150400E22400000000000000000000000000000000E0
S3150400E23400000000000000000000000000000000D0
S3150400E24400000000000000000000000000000000C0
S3150400E25400000000000000000000000000000000B0
S3150400E26400000000000000000000000000000000A0
S3150400E2740000000000000000000000000000000090
S3150400E2840000000000000000000000000000000080
S3150400E2940000000000000000000000000000000070
S3150400E2A40000000000000000000000000000000060
S3150400E2B40000000000000000000000000000000050
S3150400E2C40000000000000000000000000000000040
S3150400E2D40000000000000000000000000000000030
S3150400E2E40000000000000000000000000000000020
S3150400E2F40000000000000000000000000000000010
S3150400E30400000000000000000000000000000000FF
S3150400E31400000000000000000000000000000000EF
S3150400E32400000000000000000000000000000000DF
S3150400E33400000000000000000000000000000000CF
S3150400E34400000000000000000000000000000000BF
S3150400E35400000000000000000000000000000000AF
S3150400E364000000000000000000000000000000009F
S3150400E374000000000000000000000000000000008F
S3150400E384000000000000000000000000000000007F
S3150400E394000000000000000000000000000000006F
S3150400E3A4000000000000000000000000000000005F
S3150400E3B4000000000000000000000000000000004F
S3150400E3C4000000000000000000000000000000003F
S3150400E3D4000000000000000000000000000000002F
S3150400E3E4000000000000000000000000000000001F
S3150400E3F4000000000000000000000000000000000F
S3150400E40400000000000000000000000000000000FE
S3150400E41400000000000000000000000000000000EE
S3150400E42400000000000000000000000000000000DE
S3150400E43400000000000000000000000000000000CE
S3150400E44400000000000000000000000000000000BE
S3150400E45400000000000000000000000000000000AE
S3150400E464000000000000000000000000000000009E
S3150400E474000000000000000000000000000000008E
S3150400E484000000000000000000000000000000007E
S3150400E494000000000000000000000000000000006E
S3150400E4A4000000000000000000000000000000005E
S3150400E4B4000000000000000000000000000000004E
S3150400E4C4000000000000000000000000000000003E
S3150400E4D4000000000000000000000000000000002E
S3150400E4E4000000000000000000000000000000001E
S3150400E4F4000000000000000000000000000000000E
S3150400E50400000000000000000000000000000000FD
S3150400E51400000000000000000000000000000000ED
S3150400E52400000000000000000000000000000000DD
S3150400E53400000000000000000000000000000000CD
S3150400E54400000000000000000000000000000000BD
S3150400E55400000000000000000000000000000000AD
S3150400E564000000000000000000000000000000009D
S3150400E574000000000000000000000000000000008D
S3150400E584000000000000000000000000000000007D
S3150400E594000000000000000000000000000000006D
S3150400E5A4000000000000000000000000000000005D
S3150400E5B4000000000000000000000000000000004D
S3150400E5C4000000000000000000000000000000003D
S3150400E5D4000000000000000000000000000000002D
S3150400E5E4000000000000000000000000000000001D
S3150400E5F4000000000000000000000000000000000D
S3150400E60400000000000000000000000000000000FC
S3150400E61400000000000000000000000000000000EC
S3150400E62400000000000000000000000000000000DC
S3150400E63400000000000000000000000000000000CC
S3150400E64400000000000000000000000000000000BC
S3150400E65400000000000000000000000000000000AC
S3150400E664000000000000000000000000000000009C
S3150400E674000000000000000000000000000000008C
S3150400E684000000000000000000000000000000007C
S3150400E694000000000000000000000000000000006C
S3150400E6A4000000000000000000000000000000005C
S3150400E6B4000000000000000000000000000000004C
S3150400E6C4000000000000000000000000000000003C
S3150400E6D4000000000000000000000000000000002C
S3150400E6E4000000000000000000000000000000001C
S3150400E6F4000000000000000000000000000000000C
S3150400E70400000000000000000000000000000000FB
S3150400E71400000000000000000000000000000000EB
S3150400E72400000000000000000000000000000000DB
S3150400E73400000000000000000000000000000000CB
S3150400E74400000000000000000000000000000000BB
S3150400E75400000000000000000000000000000000AB
S3150400E764000000000000000000000000000000009B
S3150400E774000000000000000000000000000000008B
S3150400E784000000000000000000000000000000007B
S3150400E794000000000000000000000000000000006B
S3150400E7A4000000000000000000000000000000005B
S3150400E7B4000000000000000000000000000000004B
S3150400E7C4000000000000000000000000000000003B
S3150400E7D4000000000000000000000000000000002B
S3150400E7E4000000000000000000000000000000001B
S3150400E7F4000000000000000000000000000000000B
S3150400E80400000000000000000000000000000000FA
S3150400E81400000000000000000000000000000000EA
S3150400E82400000000000000000000000000000000DA
S3150400E83400000000000000000000000000000000CA
S3150400E84400000000000000000000000000000000BA
S3150400E85400000000000000000000000000000000AA
S3150400E864000000000000000000000000000000009A
S3150400E874000000000000000000000000000000008A
S3150400E884000000000000000000000000000000007A
S3150400E894000000000000000000000000000000006A
S3150400E8A4000000000000000000000000000000005A
S3150400E8B4000000000000000000000000000000004A
S3150400E8C4000000000000000000000000000000003A
S3150400E8D4000000000000000000000000000000002A
S3150400E8E4000000000000000000000000000000001A
S3150400E8F4000000000000000000000000000000000A
S3150400E90400000000000000000000000000000000F9
S3150400E91400000000000000000000000000000000E9
S3150400E92400000000000000000000000000000000D9
S3150400E93400000000000000000000000000000000C9
S3150400E94400000000000000000000000000000000B9
S3150400E95400000000000000000000000000000000A9
S3150400E9640000000000000000000000000000000099
S3150400E9740000000000000000000000000000000089
S3150400E9840000000000000000000000000000000079
S3150400E9940000000000000000000000000000000069
S3150400E9A40000000000000000000000000000000059
S3150400E9B40000000000000000000000000000000049
S3150400E9C40000000000000000000000000000000039
S3150400E9D40000000000000000000000000000000029
S3150400E9E40000000000000000000000000000000019
S3150400E9F40000000000000000000000000000000009
S3150400EA0400000000000000000000000000000000F8
S3150400EA1400000000000000000000000000000000E8
S3150400EA2400000000000000000000000000000000D8
S3150400EA3400000000000000000000000000000000C8
S3150400EA4400000000000000000000000000000000B8
S3150400EA5400000000000000000000000000000000A8
S3150400EA640000000000000000000000000000000098
S3150400EA740000000000000000000000000000000088
S3150400EA840000000000000000000000000000000078
S3150400EA940000000000000000000000000000000068
S3150400EAA40000000000000000000000000000000058
S3150400EAB40000000000000000000000000000000048
S3150400EAC40000000000000000000000000000000038
S3150400EAD40000000000000000000000000000000028
S3150400EAE40000000000000000000000000000000018
S3150400EAF40000000000000000000000000000000008
S3150400EB0400000000000000000000000000000000F7
S3150400EB1400000000000000000000000000000000E7
S3150400EB2400000000000000000000000000000000D7
S3150400EB3400000000000000000000000000000000C7
S3150400EB4400000000000000000000000000000000B7
S3150400EB5400000000000000000000000000000000A7
S3150400EB640000000000000000000000000000000097
S3150400EB740000000000000000000000000000000087
S3150400EB840000000000000000000000000000000077
S3150400EB940000000000000000000000000000000067
S3150400EBA40000000000000000000000000000000057
S3150400EBB400000000000000000000000048B7000444
S3150400EBC448B7000401000000B8B4000400000200C1
S3150400EBD4FFFFFFFF7CD100047CD100045CBF00046A
S3150400EBE45CBF0004FFFFFFFF000000005CED0004AF
S3110400EBF4FFFFFFFF9CD100049CD100042D
S705040001688D
